[0.266s] DEBUG:colcon:Command line arguments: ['/usr/bin/colcon', 'build']
[0.266s] DEBUG:colcon:Parsed command line arguments: Namespace(log_base=None, log_level=None, verb_name='build', build_base='build', install_base='install', merge_install=False, symlink_install=False, test_result_base=None, continue_on_error=False, executor='parallel', parallel_workers=12, event_handlers=None, ignore_user_meta=False, metas=['./colcon.meta'], base_paths=['.'], packages_ignore=None, packages_ignore_regex=None, paths=None, packages_up_to=None, packages_up_to_regex=None, packages_above=None, packages_above_and_dependencies=None, packages_above_depth=None, packages_select_by_dep=None, packages_skip_by_dep=None, packages_skip_up_to=None, packages_select_build_failed=False, packages_skip_build_finished=False, packages_select_test_failures=False, packages_skip_test_passed=False, packages_select=None, packages_skip=None, packages_select_regex=None, packages_skip_regex=None, packages_start=None, packages_end=None, allow_overriding=[], cmake_args=None, cmake_target=None, cmake_target_skip_unavailable=False, cmake_clean_cache=False, cmake_clean_first=False, cmake_force_configure=False, ament_cmake_args=None, catkin_cmake_args=None, catkin_skip_building_tests=False, mixin_files=None, mixin=None, verb_parser=<colcon_mixin.mixin.mixin_argument.MixinArgumentDecorator object at 0x7faa9863e030>, verb_extension=<colcon_core.verb.build.BuildVerb object at 0x7faa987b6390>, main=<bound method BuildVerb.main of <colcon_core.verb.build.BuildVerb object at 0x7faa987b6390>>, mixin_verb=('build',))
[0.402s] Level 1:colcon.colcon_core.package_discovery:discover_packages(colcon_meta) check parameters
[0.402s] Level 1:colcon.colcon_core.package_discovery:discover_packages(recursive) check parameters
[0.402s] Level 1:colcon.colcon_core.package_discovery:discover_packages(ignore) check parameters
[0.402s] Level 1:colcon.colcon_core.package_discovery:discover_packages(path) check parameters
[0.402s] Level 1:colcon.colcon_core.package_discovery:discover_packages(colcon_meta) discover
[0.402s] Level 1:colcon.colcon_core.package_discovery:discover_packages(recursive) discover
[0.402s] INFO:colcon.colcon_core.package_discovery:Crawling recursively for packages in '/home/damien/ws_aic/src/aic'
[0.402s] Level 1:colcon.colcon_core.package_identification:_identify(.) by extensions ['ignore', 'ignore_ament_install']
[0.403s] Level 1:colcon.colcon_core.package_identification:_identify(.) by extension 'ignore'
[0.403s] Level 1:colcon.colcon_core.package_identification:_identify(.) by extension 'ignore_ament_install'
[0.403s] Level 1:colcon.colcon_core.package_identification:_identify(.) by extensions ['colcon_pkg']
[0.403s] Level 1:colcon.colcon_core.package_identification:_identify(.) by extension 'colcon_pkg'
[0.403s] Level 1:colcon.colcon_core.package_identification:_identify(.) by extensions ['colcon_meta']
[0.403s] Level 1:colcon.colcon_core.package_identification:_identify(.) by extension 'colcon_meta'
[0.403s] Level 1:colcon.colcon_core.package_identification:_identify(.) by extensions ['ros']
[0.403s] Level 1:colcon.colcon_core.package_identification:_identify(.) by extension 'ros'
[0.482s] Level 1:colcon.colcon_core.package_identification:_identify(.) by extensions ['cmake', 'python']
[0.482s] Level 1:colcon.colcon_core.package_identification:_identify(.) by extension 'cmake'
[0.482s] Level 1:colcon.colcon_core.package_identification:_identify(.) by extension 'python'
[0.482s] Level 1:colcon.colcon_core.package_identification:_identify(.) by extensions ['python_setup_py']
[0.482s] Level 1:colcon.colcon_core.package_identification:_identify(.) by extension 'python_setup_py'
[0.482s] Level 1:colcon.colcon_core.package_identification:_identify(aic_adapter) by extensions ['ignore', 'ignore_ament_install']
[0.482s] Level 1:colcon.colcon_core.package_identification:_identify(aic_adapter) by extension 'ignore'
[0.482s] Level 1:colcon.colcon_core.package_identification:_identify(aic_adapter) by extension 'ignore_ament_install'
[0.482s] Level 1:colcon.colcon_core.package_identification:_identify(aic_adapter) by extensions ['colcon_pkg']
[0.482s] Level 1:colcon.colcon_core.package_identification:_identify(aic_adapter) by extension 'colcon_pkg'
[0.482s] Level 1:colcon.colcon_core.package_identification:_identify(aic_adapter) by extensions ['colcon_meta']
[0.482s] Level 1:colcon.colcon_core.package_identification:_identify(aic_adapter) by extension 'colcon_meta'
[0.482s] Level 1:colcon.colcon_core.package_identification:_identify(aic_adapter) by extensions ['ros']
[0.482s] Level 1:colcon.colcon_core.package_identification:_identify(aic_adapter) by extension 'ros'
[0.486s] DEBUG:colcon.colcon_core.package_identification:Package 'aic_adapter' with type 'ros.ament_cmake' and name 'aic_adapter'
[0.487s] Level 1:colcon.colcon_core.package_identification:_identify(aic_assets) by extensions ['ignore', 'ignore_ament_install']
[0.487s] Level 1:colcon.colcon_core.package_identification:_identify(aic_assets) by extension 'ignore'
[0.487s] Level 1:colcon.colcon_core.package_identification:_identify(aic_assets) by extension 'ignore_ament_install'
[0.487s] Level 1:colcon.colcon_core.package_identification:_identify(aic_assets) by extensions ['colcon_pkg']
[0.487s] Level 1:colcon.colcon_core.package_identification:_identify(aic_assets) by extension 'colcon_pkg'
[0.487s] Level 1:colcon.colcon_core.package_identification:_identify(aic_assets) by extensions ['colcon_meta']
[0.487s] Level 1:colcon.colcon_core.package_identification:_identify(aic_assets) by extension 'colcon_meta'
[0.487s] Level 1:colcon.colcon_core.package_identification:_identify(aic_assets) by extensions ['ros']
[0.487s] Level 1:colcon.colcon_core.package_identification:_identify(aic_assets) by extension 'ros'
[0.487s] DEBUG:colcon.colcon_core.package_identification:Package 'aic_assets' with type 'ros.ament_cmake' and name 'aic_assets'
[0.488s] Level 1:colcon.colcon_core.package_identification:_identify(aic_bringup) by extensions ['ignore', 'ignore_ament_install']
[0.488s] Level 1:colcon.colcon_core.package_identification:_identify(aic_bringup) by extension 'ignore'
[0.488s] Level 1:colcon.colcon_core.package_identification:_identify(aic_bringup) by extension 'ignore_ament_install'
[0.488s] Level 1:colcon.colcon_core.package_identification:_identify(aic_bringup) by extensions ['colcon_pkg']
[0.488s] Level 1:colcon.colcon_core.package_identification:_identify(aic_bringup) by extension 'colcon_pkg'
[0.488s] Level 1:colcon.colcon_core.package_identification:_identify(aic_bringup) by extensions ['colcon_meta']
[0.488s] Level 1:colcon.colcon_core.package_identification:_identify(aic_bringup) by extension 'colcon_meta'
[0.488s] Level 1:colcon.colcon_core.package_identification:_identify(aic_bringup) by extensions ['ros']
[0.488s] Level 1:colcon.colcon_core.package_identification:_identify(aic_bringup) by extension 'ros'
[0.488s] DEBUG:colcon.colcon_core.package_identification:Package 'aic_bringup' with type 'ros.ament_cmake' and name 'aic_bringup'
[0.488s] Level 1:colcon.colcon_core.package_identification:_identify(aic_controller) by extensions ['ignore', 'ignore_ament_install']
[0.488s] Level 1:colcon.colcon_core.package_identification:_identify(aic_controller) by extension 'ignore'
[0.488s] Level 1:colcon.colcon_core.package_identification:_identify(aic_controller) by extension 'ignore_ament_install'
[0.488s] Level 1:colcon.colcon_core.package_identification:_identify(aic_controller) by extensions ['colcon_pkg']
[0.488s] Level 1:colcon.colcon_core.package_identification:_identify(aic_controller) by extension 'colcon_pkg'
[0.489s] Level 1:colcon.colcon_core.package_identification:_identify(aic_controller) by extensions ['colcon_meta']
[0.489s] Level 1:colcon.colcon_core.package_identification:_identify(aic_controller) by extension 'colcon_meta'
[0.489s] Level 1:colcon.colcon_core.package_identification:_identify(aic_controller) by extensions ['ros']
[0.489s] Level 1:colcon.colcon_core.package_identification:_identify(aic_controller) by extension 'ros'
[0.490s] DEBUG:colcon.colcon_core.package_identification:Package 'aic_controller' with type 'ros.ament_cmake' and name 'aic_controller'
[0.490s] Level 1:colcon.colcon_core.package_identification:_identify(aic_description) by extensions ['ignore', 'ignore_ament_install']
[0.490s] Level 1:colcon.colcon_core.package_identification:_identify(aic_description) by extension 'ignore'
[0.490s] Level 1:colcon.colcon_core.package_identification:_identify(aic_description) by extension 'ignore_ament_install'
[0.490s] Level 1:colcon.colcon_core.package_identification:_identify(aic_description) by extensions ['colcon_pkg']
[0.490s] Level 1:colcon.colcon_core.package_identification:_identify(aic_description) by extension 'colcon_pkg'
[0.490s] Level 1:colcon.colcon_core.package_identification:_identify(aic_description) by extensions ['colcon_meta']
[0.490s] Level 1:colcon.colcon_core.package_identification:_identify(aic_description) by extension 'colcon_meta'
[0.490s] Level 1:colcon.colcon_core.package_identification:_identify(aic_description) by extensions ['ros']
[0.490s] Level 1:colcon.colcon_core.package_identification:_identify(aic_description) by extension 'ros'
[0.491s] DEBUG:colcon.colcon_core.package_identification:Package 'aic_description' with type 'ros.ament_cmake' and name 'aic_description'
[0.492s] Level 1:colcon.colcon_core.package_identification:_identify(aic_engine) by extensions ['ignore', 'ignore_ament_install']
[0.492s] Level 1:colcon.colcon_core.package_identification:_identify(aic_engine) by extension 'ignore'
[0.492s] Level 1:colcon.colcon_core.package_identification:_identify(aic_engine) by extension 'ignore_ament_install'
[0.492s] Level 1:colcon.colcon_core.package_identification:_identify(aic_engine) by extensions ['colcon_pkg']
[0.492s] Level 1:colcon.colcon_core.package_identification:_identify(aic_engine) by extension 'colcon_pkg'
[0.492s] Level 1:colcon.colcon_core.package_identification:_identify(aic_engine) by extensions ['colcon_meta']
[0.492s] Level 1:colcon.colcon_core.package_identification:_identify(aic_engine) by extension 'colcon_meta'
[0.492s] Level 1:colcon.colcon_core.package_identification:_identify(aic_engine) by extensions ['ros']
[0.492s] Level 1:colcon.colcon_core.package_identification:_identify(aic_engine) by extension 'ros'
[0.493s] DEBUG:colcon.colcon_core.package_identification:Package 'aic_engine' with type 'ros.ament_cmake' and name 'aic_engine'
[0.493s] Level 1:colcon.colcon_core.package_identification:_identify(aic_example_policies) by extensions ['ignore', 'ignore_ament_install']
[0.493s] Level 1:colcon.colcon_core.package_identification:_identify(aic_example_policies) by extension 'ignore'
[0.493s] Level 1:colcon.colcon_core.package_identification:_identify(aic_example_policies) by extension 'ignore_ament_install'
[0.493s] Level 1:colcon.colcon_core.package_identification:_identify(aic_example_policies) by extensions ['colcon_pkg']
[0.493s] Level 1:colcon.colcon_core.package_identification:_identify(aic_example_policies) by extension 'colcon_pkg'
[0.493s] Level 1:colcon.colcon_core.package_identification:_identify(aic_example_policies) by extensions ['colcon_meta']
[0.493s] Level 1:colcon.colcon_core.package_identification:_identify(aic_example_policies) by extension 'colcon_meta'
[0.493s] Level 1:colcon.colcon_core.package_identification:_identify(aic_example_policies) by extensions ['ros']
[0.493s] Level 1:colcon.colcon_core.package_identification:_identify(aic_example_policies) by extension 'ros'
[0.494s] DEBUG:colcon.colcon_core.package_identification:Package 'aic_example_policies' with type 'ros.ament_python' and name 'aic_example_policies'
[0.494s] Level 1:colcon.colcon_core.package_identification:_identify(aic_gazebo) by extensions ['ignore', 'ignore_ament_install']
[0.494s] Level 1:colcon.colcon_core.package_identification:_identify(aic_gazebo) by extension 'ignore'
[0.494s] Level 1:colcon.colcon_core.package_identification:_identify(aic_gazebo) by extension 'ignore_ament_install'
[0.494s] Level 1:colcon.colcon_core.package_identification:_identify(aic_gazebo) by extensions ['colcon_pkg']
[0.494s] Level 1:colcon.colcon_core.package_identification:_identify(aic_gazebo) by extension 'colcon_pkg'
[0.494s] Level 1:colcon.colcon_core.package_identification:_identify(aic_gazebo) by extensions ['colcon_meta']
[0.494s] Level 1:colcon.colcon_core.package_identification:_identify(aic_gazebo) by extension 'colcon_meta'
[0.494s] Level 1:colcon.colcon_core.package_identification:_identify(aic_gazebo) by extensions ['ros']
[0.494s] Level 1:colcon.colcon_core.package_identification:_identify(aic_gazebo) by extension 'ros'
[0.495s] DEBUG:colcon.colcon_core.package_identification:Package 'aic_gazebo' with type 'ros.ament_cmake' and name 'aic_gazebo'
[0.495s] Level 1:colcon.colcon_core.package_identification:_identify(aic_interfaces) by extensions ['ignore', 'ignore_ament_install']
[0.495s] Level 1:colcon.colcon_core.package_identification:_identify(aic_interfaces) by extension 'ignore'
[0.495s] Level 1:colcon.colcon_core.package_identification:_identify(aic_interfaces) by extension 'ignore_ament_install'
[0.495s] Level 1:colcon.colcon_core.package_identification:_identify(aic_interfaces) by extensions ['colcon_pkg']
[0.495s] Level 1:colcon.colcon_core.package_identification:_identify(aic_interfaces) by extension 'colcon_pkg'
[0.495s] Level 1:colcon.colcon_core.package_identification:_identify(aic_interfaces) by extensions ['colcon_meta']
[0.495s] Level 1:colcon.colcon_core.package_identification:_identify(aic_interfaces) by extension 'colcon_meta'
[0.495s] Level 1:colcon.colcon_core.package_identification:_identify(aic_interfaces) by extensions ['ros']
[0.495s] Level 1:colcon.colcon_core.package_identification:_identify(aic_interfaces) by extension 'ros'
[0.495s] Level 1:colcon.colcon_core.package_identification:_identify(aic_interfaces) by extensions ['cmake', 'python']
[0.495s] Level 1:colcon.colcon_core.package_identification:_identify(aic_interfaces) by extension 'cmake'
[0.495s] Level 1:colcon.colcon_core.package_identification:_identify(aic_interfaces) by extension 'python'
[0.495s] Level 1:colcon.colcon_core.package_identification:_identify(aic_interfaces) by extensions ['python_setup_py']
[0.495s] Level 1:colcon.colcon_core.package_identification:_identify(aic_interfaces) by extension 'python_setup_py'
[0.495s] Level 1:colcon.colcon_core.package_identification:_identify(aic_interfaces/aic_control_interfaces) by extensions ['ignore', 'ignore_ament_install']
[0.495s] Level 1:colcon.colcon_core.package_identification:_identify(aic_interfaces/aic_control_interfaces) by extension 'ignore'
[0.495s] Level 1:colcon.colcon_core.package_identification:_identify(aic_interfaces/aic_control_interfaces) by extension 'ignore_ament_install'
[0.495s] Level 1:colcon.colcon_core.package_identification:_identify(aic_interfaces/aic_control_interfaces) by extensions ['colcon_pkg']
[0.495s] Level 1:colcon.colcon_core.package_identification:_identify(aic_interfaces/aic_control_interfaces) by extension 'colcon_pkg'
[0.495s] Level 1:colcon.colcon_core.package_identification:_identify(aic_interfaces/aic_control_interfaces) by extensions ['colcon_meta']
[0.495s] Level 1:colcon.colcon_core.package_identification:_identify(aic_interfaces/aic_control_interfaces) by extension 'colcon_meta'
[0.495s] Level 1:colcon.colcon_core.package_identification:_identify(aic_interfaces/aic_control_interfaces) by extensions ['ros']
[0.495s] Level 1:colcon.colcon_core.package_identification:_identify(aic_interfaces/aic_control_interfaces) by extension 'ros'
[0.496s] DEBUG:colcon.colcon_core.package_identification:Package 'aic_interfaces/aic_control_interfaces' with type 'ros.ament_cmake' and name 'aic_control_interfaces'
[0.496s] Level 1:colcon.colcon_core.package_identification:_identify(aic_interfaces/aic_engine_interfaces) by extensions ['ignore', 'ignore_ament_install']
[0.496s] Level 1:colcon.colcon_core.package_identification:_identify(aic_interfaces/aic_engine_interfaces) by extension 'ignore'
[0.496s] Level 1:colcon.colcon_core.package_identification:_identify(aic_interfaces/aic_engine_interfaces) by extension 'ignore_ament_install'
[0.496s] Level 1:colcon.colcon_core.package_identification:_identify(aic_interfaces/aic_engine_interfaces) by extensions ['colcon_pkg']
[0.496s] Level 1:colcon.colcon_core.package_identification:_identify(aic_interfaces/aic_engine_interfaces) by extension 'colcon_pkg'
[0.496s] Level 1:colcon.colcon_core.package_identification:_identify(aic_interfaces/aic_engine_interfaces) by extensions ['colcon_meta']
[0.496s] Level 1:colcon.colcon_core.package_identification:_identify(aic_interfaces/aic_engine_interfaces) by extension 'colcon_meta'
[0.496s] Level 1:colcon.colcon_core.package_identification:_identify(aic_interfaces/aic_engine_interfaces) by extensions ['ros']
[0.496s] Level 1:colcon.colcon_core.package_identification:_identify(aic_interfaces/aic_engine_interfaces) by extension 'ros'
[0.497s] DEBUG:colcon.colcon_core.package_identification:Package 'aic_interfaces/aic_engine_interfaces' with type 'ros.ament_cmake' and name 'aic_engine_interfaces'
[0.497s] Level 1:colcon.colcon_core.package_identification:_identify(aic_interfaces/aic_model_interfaces) by extensions ['ignore', 'ignore_ament_install']
[0.497s] Level 1:colcon.colcon_core.package_identification:_identify(aic_interfaces/aic_model_interfaces) by extension 'ignore'
[0.497s] Level 1:colcon.colcon_core.package_identification:_identify(aic_interfaces/aic_model_interfaces) by extension 'ignore_ament_install'
[0.497s] Level 1:colcon.colcon_core.package_identification:_identify(aic_interfaces/aic_model_interfaces) by extensions ['colcon_pkg']
[0.497s] Level 1:colcon.colcon_core.package_identification:_identify(aic_interfaces/aic_model_interfaces) by extension 'colcon_pkg'
[0.497s] Level 1:colcon.colcon_core.package_identification:_identify(aic_interfaces/aic_model_interfaces) by extensions ['colcon_meta']
[0.497s] Level 1:colcon.colcon_core.package_identification:_identify(aic_interfaces/aic_model_interfaces) by extension 'colcon_meta'
[0.497s] Level 1:colcon.colcon_core.package_identification:_identify(aic_interfaces/aic_model_interfaces) by extensions ['ros']
[0.497s] Level 1:colcon.colcon_core.package_identification:_identify(aic_interfaces/aic_model_interfaces) by extension 'ros'
[0.498s] DEBUG:colcon.colcon_core.package_identification:Package 'aic_interfaces/aic_model_interfaces' with type 'ros.ament_cmake' and name 'aic_model_interfaces'
[0.498s] Level 1:colcon.colcon_core.package_identification:_identify(aic_interfaces/aic_task_interfaces) by extensions ['ignore', 'ignore_ament_install']
[0.498s] Level 1:colcon.colcon_core.package_identification:_identify(aic_interfaces/aic_task_interfaces) by extension 'ignore'
[0.498s] Level 1:colcon.colcon_core.package_identification:_identify(aic_interfaces/aic_task_interfaces) by extension 'ignore_ament_install'
[0.498s] Level 1:colcon.colcon_core.package_identification:_identify(aic_interfaces/aic_task_interfaces) by extensions ['colcon_pkg']
[0.498s] Level 1:colcon.colcon_core.package_identification:_identify(aic_interfaces/aic_task_interfaces) by extension 'colcon_pkg'
[0.498s] Level 1:colcon.colcon_core.package_identification:_identify(aic_interfaces/aic_task_interfaces) by extensions ['colcon_meta']
[0.498s] Level 1:colcon.colcon_core.package_identification:_identify(aic_interfaces/aic_task_interfaces) by extension 'colcon_meta'
[0.498s] Level 1:colcon.colcon_core.package_identification:_identify(aic_interfaces/aic_task_interfaces) by extensions ['ros']
[0.498s] Level 1:colcon.colcon_core.package_identification:_identify(aic_interfaces/aic_task_interfaces) by extension 'ros'
[0.498s] DEBUG:colcon.colcon_core.package_identification:Package 'aic_interfaces/aic_task_interfaces' with type 'ros.ament_cmake' and name 'aic_task_interfaces'
[0.498s] Level 1:colcon.colcon_core.package_identification:_identify(aic_model) by extensions ['ignore', 'ignore_ament_install']
[0.498s] Level 1:colcon.colcon_core.package_identification:_identify(aic_model) by extension 'ignore'
[0.498s] Level 1:colcon.colcon_core.package_identification:_identify(aic_model) by extension 'ignore_ament_install'
[0.498s] Level 1:colcon.colcon_core.package_identification:_identify(aic_model) by extensions ['colcon_pkg']
[0.498s] Level 1:colcon.colcon_core.package_identification:_identify(aic_model) by extension 'colcon_pkg'
[0.498s] Level 1:colcon.colcon_core.package_identification:_identify(aic_model) by extensions ['colcon_meta']
[0.498s] Level 1:colcon.colcon_core.package_identification:_identify(aic_model) by extension 'colcon_meta'
[0.498s] Level 1:colcon.colcon_core.package_identification:_identify(aic_model) by extensions ['ros']
[0.498s] Level 1:colcon.colcon_core.package_identification:_identify(aic_model) by extension 'ros'
[0.499s] DEBUG:colcon.colcon_core.package_identification:Package 'aic_model' with type 'ros.ament_python' and name 'aic_model'
[0.499s] Level 1:colcon.colcon_core.package_identification:_identify(aic_scoring) by extensions ['ignore', 'ignore_ament_install']
[0.499s] Level 1:colcon.colcon_core.package_identification:_identify(aic_scoring) by extension 'ignore'
[0.499s] Level 1:colcon.colcon_core.package_identification:_identify(aic_scoring) by extension 'ignore_ament_install'
[0.499s] Level 1:colcon.colcon_core.package_identification:_identify(aic_scoring) by extensions ['colcon_pkg']
[0.499s] Level 1:colcon.colcon_core.package_identification:_identify(aic_scoring) by extension 'colcon_pkg'
[0.499s] Level 1:colcon.colcon_core.package_identification:_identify(aic_scoring) by extensions ['colcon_meta']
[0.499s] Level 1:colcon.colcon_core.package_identification:_identify(aic_scoring) by extension 'colcon_meta'
[0.499s] Level 1:colcon.colcon_core.package_identification:_identify(aic_scoring) by extensions ['ros']
[0.499s] Level 1:colcon.colcon_core.package_identification:_identify(aic_scoring) by extension 'ros'
[0.500s] DEBUG:colcon.colcon_core.package_identification:Package 'aic_scoring' with type 'ros.ament_cmake' and name 'aic_scoring'
[0.500s] Level 1:colcon.colcon_core.package_identification:_identify(aic_utils) by extensions ['ignore', 'ignore_ament_install']
[0.500s] Level 1:colcon.colcon_core.package_identification:_identify(aic_utils) by extension 'ignore'
[0.500s] Level 1:colcon.colcon_core.package_identification:_identify(aic_utils) by extension 'ignore_ament_install'
[0.500s] Level 1:colcon.colcon_core.package_identification:_identify(aic_utils) by extensions ['colcon_pkg']
[0.500s] Level 1:colcon.colcon_core.package_identification:_identify(aic_utils) by extension 'colcon_pkg'
[0.500s] Level 1:colcon.colcon_core.package_identification:_identify(aic_utils) by extensions ['colcon_meta']
[0.500s] Level 1:colcon.colcon_core.package_identification:_identify(aic_utils) by extension 'colcon_meta'
[0.500s] Level 1:colcon.colcon_core.package_identification:_identify(aic_utils) by extensions ['ros']
[0.500s] Level 1:colcon.colcon_core.package_identification:_identify(aic_utils) by extension 'ros'
[0.500s] Level 1:colcon.colcon_core.package_identification:_identify(aic_utils) by extensions ['cmake', 'python']
[0.500s] Level 1:colcon.colcon_core.package_identification:_identify(aic_utils) by extension 'cmake'
[0.500s] Level 1:colcon.colcon_core.package_identification:_identify(aic_utils) by extension 'python'
[0.500s] Level 1:colcon.colcon_core.package_identification:_identify(aic_utils) by extensions ['python_setup_py']
[0.500s] Level 1:colcon.colcon_core.package_identification:_identify(aic_utils) by extension 'python_setup_py'
[0.500s] Level 1:colcon.colcon_core.package_identification:_identify(aic_utils/aic_isaac) by extensions ['ignore', 'ignore_ament_install']
[0.501s] Level 1:colcon.colcon_core.package_identification:_identify(aic_utils/aic_isaac) by extension 'ignore'
[0.501s] Level 1:colcon.colcon_core.package_identification:_identify(aic_utils/aic_isaac) by extension 'ignore_ament_install'
[0.501s] Level 1:colcon.colcon_core.package_identification:_identify(aic_utils/aic_isaac) by extensions ['colcon_pkg']
[0.501s] Level 1:colcon.colcon_core.package_identification:_identify(aic_utils/aic_isaac) by extension 'colcon_pkg'
[0.501s] Level 1:colcon.colcon_core.package_identification:_identify(aic_utils/aic_isaac) by extensions ['colcon_meta']
[0.501s] Level 1:colcon.colcon_core.package_identification:_identify(aic_utils/aic_isaac) by extension 'colcon_meta'
[0.501s] Level 1:colcon.colcon_core.package_identification:_identify(aic_utils/aic_isaac) by extensions ['ros']
[0.501s] Level 1:colcon.colcon_core.package_identification:_identify(aic_utils/aic_isaac) by extension 'ros'
[0.501s] Level 1:colcon.colcon_core.package_identification:_identify(aic_utils/aic_isaac) by extensions ['cmake', 'python']
[0.501s] Level 1:colcon.colcon_core.package_identification:_identify(aic_utils/aic_isaac) by extension 'cmake'
[0.501s] Level 1:colcon.colcon_core.package_identification:_identify(aic_utils/aic_isaac) by extension 'python'
[0.501s] Level 1:colcon.colcon_core.package_identification:_identify(aic_utils/aic_isaac) by extensions ['python_setup_py']
[0.501s] Level 1:colcon.colcon_core.package_identification:_identify(aic_utils/aic_isaac) by extension 'python_setup_py'
[0.501s] Level 1:colcon.colcon_core.package_identification:_identify(aic_utils/aic_isaac/aic_isaaclab) by extensions ['ignore', 'ignore_ament_install']
[0.501s] Level 1:colcon.colcon_core.package_identification:_identify(aic_utils/aic_isaac/aic_isaaclab) by extension 'ignore'
[0.501s] Level 1:colcon.colcon_core.package_identification:_identify(aic_utils/aic_isaac/aic_isaaclab) by extension 'ignore_ament_install'
[0.501s] Level 1:colcon.colcon_core.package_identification:_identify(aic_utils/aic_isaac/aic_isaaclab) by extensions ['colcon_pkg']
[0.501s] Level 1:colcon.colcon_core.package_identification:_identify(aic_utils/aic_isaac/aic_isaaclab) by extension 'colcon_pkg'
[0.501s] Level 1:colcon.colcon_core.package_identification:_identify(aic_utils/aic_isaac/aic_isaaclab) by extensions ['colcon_meta']
[0.501s] Level 1:colcon.colcon_core.package_identification:_identify(aic_utils/aic_isaac/aic_isaaclab) by extension 'colcon_meta'
[0.501s] Level 1:colcon.colcon_core.package_identification:_identify(aic_utils/aic_isaac/aic_isaaclab) by extensions ['ros']
[0.501s] Level 1:colcon.colcon_core.package_identification:_identify(aic_utils/aic_isaac/aic_isaaclab) by extension 'ros'
[0.501s] Level 1:colcon.colcon_core.package_identification:_identify(aic_utils/aic_isaac/aic_isaaclab) by extensions ['cmake', 'python']
[0.501s] Level 1:colcon.colcon_core.package_identification:_identify(aic_utils/aic_isaac/aic_isaaclab) by extension 'cmake'
[0.501s] Level 1:colcon.colcon_core.package_identification:_identify(aic_utils/aic_isaac/aic_isaaclab) by extension 'python'
[0.501s] Level 1:colcon.colcon_core.package_identification:_identify(aic_utils/aic_isaac/aic_isaaclab) by extensions ['python_setup_py']
[0.501s] Level 1:colcon.colcon_core.package_identification:_identify(aic_utils/aic_isaac/aic_isaaclab) by extension 'python_setup_py'
[0.501s] Level 1:colcon.colcon_core.package_identification:_identify(aic_utils/aic_isaac/aic_isaaclab/scripts) by extensions ['ignore', 'ignore_ament_install']
[0.501s] Level 1:colcon.colcon_core.package_identification:_identify(aic_utils/aic_isaac/aic_isaaclab/scripts) by extension 'ignore'
[0.501s] Level 1:colcon.colcon_core.package_identification:_identify(aic_utils/aic_isaac/aic_isaaclab/scripts) by extension 'ignore_ament_install'
[0.501s] Level 1:colcon.colcon_core.package_identification:_identify(aic_utils/aic_isaac/aic_isaaclab/scripts) by extensions ['colcon_pkg']
[0.501s] Level 1:colcon.colcon_core.package_identification:_identify(aic_utils/aic_isaac/aic_isaaclab/scripts) by extension 'colcon_pkg'
[0.501s] Level 1:colcon.colcon_core.package_identification:_identify(aic_utils/aic_isaac/aic_isaaclab/scripts) by extensions ['colcon_meta']
[0.501s] Level 1:colcon.colcon_core.package_identification:_identify(aic_utils/aic_isaac/aic_isaaclab/scripts) by extension 'colcon_meta'
[0.501s] Level 1:colcon.colcon_core.package_identification:_identify(aic_utils/aic_isaac/aic_isaaclab/scripts) by extensions ['ros']
[0.501s] Level 1:colcon.colcon_core.package_identification:_identify(aic_utils/aic_isaac/aic_isaaclab/scripts) by extension 'ros'
[0.501s] Level 1:colcon.colcon_core.package_identification:_identify(aic_utils/aic_isaac/aic_isaaclab/scripts) by extensions ['cmake', 'python']
[0.501s] Level 1:colcon.colcon_core.package_identification:_identify(aic_utils/aic_isaac/aic_isaaclab/scripts) by extension 'cmake'
[0.502s] Level 1:colcon.colcon_core.package_identification:_identify(aic_utils/aic_isaac/aic_isaaclab/scripts) by extension 'python'
[0.502s] Level 1:colcon.colcon_core.package_identification:_identify(aic_utils/aic_isaac/aic_isaaclab/scripts) by extensions ['python_setup_py']
[0.502s] Level 1:colcon.colcon_core.package_identification:_identify(aic_utils/aic_isaac/aic_isaaclab/scripts) by extension 'python_setup_py'
[0.502s] Level 1:colcon.colcon_core.package_identification:_identify(aic_utils/aic_isaac/aic_isaaclab/scripts/rsl_rl) by extensions ['ignore', 'ignore_ament_install']
[0.502s] Level 1:colcon.colcon_core.package_identification:_identify(aic_utils/aic_isaac/aic_isaaclab/scripts/rsl_rl) by extension 'ignore'
[0.502s] Level 1:colcon.colcon_core.package_identification:_identify(aic_utils/aic_isaac/aic_isaaclab/scripts/rsl_rl) by extension 'ignore_ament_install'
[0.502s] Level 1:colcon.colcon_core.package_identification:_identify(aic_utils/aic_isaac/aic_isaaclab/scripts/rsl_rl) by extensions ['colcon_pkg']
[0.502s] Level 1:colcon.colcon_core.package_identification:_identify(aic_utils/aic_isaac/aic_isaaclab/scripts/rsl_rl) by extension 'colcon_pkg'
[0.502s] Level 1:colcon.colcon_core.package_identification:_identify(aic_utils/aic_isaac/aic_isaaclab/scripts/rsl_rl) by extensions ['colcon_meta']
[0.502s] Level 1:colcon.colcon_core.package_identification:_identify(aic_utils/aic_isaac/aic_isaaclab/scripts/rsl_rl) by extension 'colcon_meta'
[0.502s] Level 1:colcon.colcon_core.package_identification:_identify(aic_utils/aic_isaac/aic_isaaclab/scripts/rsl_rl) by extensions ['ros']
[0.502s] Level 1:colcon.colcon_core.package_identification:_identify(aic_utils/aic_isaac/aic_isaaclab/scripts/rsl_rl) by extension 'ros'
[0.502s] Level 1:colcon.colcon_core.package_identification:_identify(aic_utils/aic_isaac/aic_isaaclab/scripts/rsl_rl) by extensions ['cmake', 'python']
[0.502s] Level 1:colcon.colcon_core.package_identification:_identify(aic_utils/aic_isaac/aic_isaaclab/scripts/rsl_rl) by extension 'cmake'
[0.502s] Level 1:colcon.colcon_core.package_identification:_identify(aic_utils/aic_isaac/aic_isaaclab/scripts/rsl_rl) by extension 'python'
[0.502s] Level 1:colcon.colcon_core.package_identification:_identify(aic_utils/aic_isaac/aic_isaaclab/scripts/rsl_rl) by extensions ['python_setup_py']
[0.502s] Level 1:colcon.colcon_core.package_identification:_identify(aic_utils/aic_isaac/aic_isaaclab/scripts/rsl_rl) by extension 'python_setup_py'
[0.502s] Level 1:colcon.colcon_core.package_identification:_identify(aic_utils/aic_isaac/aic_isaaclab/source) by extensions ['ignore', 'ignore_ament_install']
[0.502s] Level 1:colcon.colcon_core.package_identification:_identify(aic_utils/aic_isaac/aic_isaaclab/source) by extension 'ignore'
[0.502s] Level 1:colcon.colcon_core.package_identification:_identify(aic_utils/aic_isaac/aic_isaaclab/source) by extension 'ignore_ament_install'
[0.502s] Level 1:colcon.colcon_core.package_identification:_identify(aic_utils/aic_isaac/aic_isaaclab/source) by extensions ['colcon_pkg']
[0.502s] Level 1:colcon.colcon_core.package_identification:_identify(aic_utils/aic_isaac/aic_isaaclab/source) by extension 'colcon_pkg'
[0.502s] Level 1:colcon.colcon_core.package_identification:_identify(aic_utils/aic_isaac/aic_isaaclab/source) by extensions ['colcon_meta']
[0.502s] Level 1:colcon.colcon_core.package_identification:_identify(aic_utils/aic_isaac/aic_isaaclab/source) by extension 'colcon_meta'
[0.502s] Level 1:colcon.colcon_core.package_identification:_identify(aic_utils/aic_isaac/aic_isaaclab/source) by extensions ['ros']
[0.502s] Level 1:colcon.colcon_core.package_identification:_identify(aic_utils/aic_isaac/aic_isaaclab/source) by extension 'ros'
[0.502s] Level 1:colcon.colcon_core.package_identification:_identify(aic_utils/aic_isaac/aic_isaaclab/source) by extensions ['cmake', 'python']
[0.502s] Level 1:colcon.colcon_core.package_identification:_identify(aic_utils/aic_isaac/aic_isaaclab/source) by extension 'cmake'
[0.502s] Level 1:colcon.colcon_core.package_identification:_identify(aic_utils/aic_isaac/aic_isaaclab/source) by extension 'python'
[0.502s] Level 1:colcon.colcon_core.package_identification:_identify(aic_utils/aic_isaac/aic_isaaclab/source) by extensions ['python_setup_py']
[0.502s] Level 1:colcon.colcon_core.package_identification:_identify(aic_utils/aic_isaac/aic_isaaclab/source) by extension 'python_setup_py'
[0.502s] Level 1:colcon.colcon_core.package_identification:_identify(aic_utils/aic_isaac/aic_isaaclab/source/aic_task) by extensions ['ignore', 'ignore_ament_install']
[0.502s] Level 1:colcon.colcon_core.package_identification:_identify(aic_utils/aic_isaac/aic_isaaclab/source/aic_task) by extension 'ignore'
[0.502s] Level 1:colcon.colcon_core.package_identification:_identify(aic_utils/aic_isaac/aic_isaaclab/source/aic_task) by extension 'ignore_ament_install'
[0.502s] Level 1:colcon.colcon_core.package_identification:_identify(aic_utils/aic_isaac/aic_isaaclab/source/aic_task) by extensions ['colcon_pkg']
[0.502s] Level 1:colcon.colcon_core.package_identification:_identify(aic_utils/aic_isaac/aic_isaaclab/source/aic_task) by extension 'colcon_pkg'
[0.502s] Level 1:colcon.colcon_core.package_identification:_identify(aic_utils/aic_isaac/aic_isaaclab/source/aic_task) by extensions ['colcon_meta']
[0.503s] Level 1:colcon.colcon_core.package_identification:_identify(aic_utils/aic_isaac/aic_isaaclab/source/aic_task) by extension 'colcon_meta'
[0.503s] Level 1:colcon.colcon_core.package_identification:_identify(aic_utils/aic_isaac/aic_isaaclab/source/aic_task) by extensions ['ros']
[0.503s] Level 1:colcon.colcon_core.package_identification:_identify(aic_utils/aic_isaac/aic_isaaclab/source/aic_task) by extension 'ros'
[0.503s] Level 1:colcon.colcon_core.package_identification:_identify(aic_utils/aic_isaac/aic_isaaclab/source/aic_task) by extensions ['cmake', 'python']
[0.503s] Level 1:colcon.colcon_core.package_identification:_identify(aic_utils/aic_isaac/aic_isaaclab/source/aic_task) by extension 'cmake'
[0.503s] Level 1:colcon.colcon_core.package_identification:_identify(aic_utils/aic_isaac/aic_isaaclab/source/aic_task) by extension 'python'
[0.503s] Level 1:colcon.colcon_core.package_identification:_identify(aic_utils/aic_isaac/aic_isaaclab/source/aic_task) by extensions ['python_setup_py']
[0.503s] Level 1:colcon.colcon_core.package_identification:_identify(aic_utils/aic_isaac/aic_isaaclab/source/aic_task) by extension 'python_setup_py'
[0.709s] DEBUG:colcon.colcon_core.package_identification:Package 'aic_utils/aic_isaac/aic_isaaclab/source/aic_task' with type 'python' and name 'aic_task'
[0.709s] Level 1:colcon.colcon_core.package_identification:_identify(aic_utils/aic_mujoco) by extensions ['ignore', 'ignore_ament_install']
[0.709s] Level 1:colcon.colcon_core.package_identification:_identify(aic_utils/aic_mujoco) by extension 'ignore'
[0.709s] Level 1:colcon.colcon_core.package_identification:_identify(aic_utils/aic_mujoco) by extension 'ignore_ament_install'
[0.709s] Level 1:colcon.colcon_core.package_identification:_identify(aic_utils/aic_mujoco) by extensions ['colcon_pkg']
[0.709s] Level 1:colcon.colcon_core.package_identification:_identify(aic_utils/aic_mujoco) by extension 'colcon_pkg'
[0.709s] Level 1:colcon.colcon_core.package_identification:_identify(aic_utils/aic_mujoco) by extensions ['colcon_meta']
[0.709s] Level 1:colcon.colcon_core.package_identification:_identify(aic_utils/aic_mujoco) by extension 'colcon_meta'
[0.709s] Level 1:colcon.colcon_core.package_identification:_identify(aic_utils/aic_mujoco) by extensions ['ros']
[0.709s] Level 1:colcon.colcon_core.package_identification:_identify(aic_utils/aic_mujoco) by extension 'ros'
[0.710s] DEBUG:colcon.colcon_core.package_identification:Package 'aic_utils/aic_mujoco' with type 'ros.ament_cmake' and name 'aic_mujoco'
[0.710s] Level 1:colcon.colcon_core.package_identification:_identify(aic_utils/aic_teleoperation) by extensions ['ignore', 'ignore_ament_install']
[0.710s] Level 1:colcon.colcon_core.package_identification:_identify(aic_utils/aic_teleoperation) by extension 'ignore'
[0.710s] Level 1:colcon.colcon_core.package_identification:_identify(aic_utils/aic_teleoperation) by extension 'ignore_ament_install'
[0.710s] Level 1:colcon.colcon_core.package_identification:_identify(aic_utils/aic_teleoperation) by extensions ['colcon_pkg']
[0.710s] Level 1:colcon.colcon_core.package_identification:_identify(aic_utils/aic_teleoperation) by extension 'colcon_pkg'
[0.710s] Level 1:colcon.colcon_core.package_identification:_identify(aic_utils/aic_teleoperation) by extensions ['colcon_meta']
[0.710s] Level 1:colcon.colcon_core.package_identification:_identify(aic_utils/aic_teleoperation) by extension 'colcon_meta'
[0.710s] Level 1:colcon.colcon_core.package_identification:_identify(aic_utils/aic_teleoperation) by extensions ['ros']
[0.710s] Level 1:colcon.colcon_core.package_identification:_identify(aic_utils/aic_teleoperation) by extension 'ros'
[0.711s] DEBUG:colcon.colcon_core.package_identification:Package 'aic_utils/aic_teleoperation' with type 'ros.ament_python' and name 'aic_teleoperation'
[0.711s] Level 1:colcon.colcon_core.package_identification:_identify(aic_utils/aic_training_interfaces) by extensions ['ignore', 'ignore_ament_install']
[0.711s] Level 1:colcon.colcon_core.package_identification:_identify(aic_utils/aic_training_interfaces) by extension 'ignore'
[0.711s] Level 1:colcon.colcon_core.package_identification:_identify(aic_utils/aic_training_interfaces) by extension 'ignore_ament_install'
[0.711s] Level 1:colcon.colcon_core.package_identification:_identify(aic_utils/aic_training_interfaces) by extensions ['colcon_pkg']
[0.711s] Level 1:colcon.colcon_core.package_identification:_identify(aic_utils/aic_training_interfaces) by extension 'colcon_pkg'
[0.711s] Level 1:colcon.colcon_core.package_identification:_identify(aic_utils/aic_training_interfaces) by extensions ['colcon_meta']
[0.711s] Level 1:colcon.colcon_core.package_identification:_identify(aic_utils/aic_training_interfaces) by extension 'colcon_meta'
[0.711s] Level 1:colcon.colcon_core.package_identification:_identify(aic_utils/aic_training_interfaces) by extensions ['ros']
[0.711s] Level 1:colcon.colcon_core.package_identification:_identify(aic_utils/aic_training_interfaces) by extension 'ros'
[0.711s] DEBUG:colcon.colcon_core.package_identification:Package 'aic_utils/aic_training_interfaces' with type 'ros.ament_cmake' and name 'aic_training_interfaces'
[0.711s] Level 1:colcon.colcon_core.package_identification:_identify(aic_utils/aic_training_utils) by extensions ['ignore', 'ignore_ament_install']
[0.711s] Level 1:colcon.colcon_core.package_identification:_identify(aic_utils/aic_training_utils) by extension 'ignore'
[0.712s] Level 1:colcon.colcon_core.package_identification:_identify(aic_utils/aic_training_utils) by extension 'ignore_ament_install'
[0.712s] Level 1:colcon.colcon_core.package_identification:_identify(aic_utils/aic_training_utils) by extensions ['colcon_pkg']
[0.712s] Level 1:colcon.colcon_core.package_identification:_identify(aic_utils/aic_training_utils) by extension 'colcon_pkg'
[0.712s] Level 1:colcon.colcon_core.package_identification:_identify(aic_utils/aic_training_utils) by extensions ['colcon_meta']
[0.712s] Level 1:colcon.colcon_core.package_identification:_identify(aic_utils/aic_training_utils) by extension 'colcon_meta'
[0.712s] Level 1:colcon.colcon_core.package_identification:_identify(aic_utils/aic_training_utils) by extensions ['ros']
[0.712s] Level 1:colcon.colcon_core.package_identification:_identify(aic_utils/aic_training_utils) by extension 'ros'
[0.712s] DEBUG:colcon.colcon_core.package_identification:Package 'aic_utils/aic_training_utils' with type 'ros.ament_cmake' and name 'aic_training_utils'
[0.712s] Level 1:colcon.colcon_core.package_identification:_identify(aic_utils/lerobot_robot_aic) by extensions ['ignore', 'ignore_ament_install']
[0.712s] Level 1:colcon.colcon_core.package_identification:_identify(aic_utils/lerobot_robot_aic) by extension 'ignore'
[0.712s] Level 1:colcon.colcon_core.package_identification:_identify(aic_utils/lerobot_robot_aic) by extension 'ignore_ament_install'
[0.712s] Level 1:colcon.colcon_core.package_identification:_identify(aic_utils/lerobot_robot_aic) by extensions ['colcon_pkg']
[0.713s] Level 1:colcon.colcon_core.package_identification:_identify(aic_utils/lerobot_robot_aic) by extension 'colcon_pkg'
[0.713s] Level 1:colcon.colcon_core.package_identification:_identify(aic_utils/lerobot_robot_aic) by extensions ['colcon_meta']
[0.713s] Level 1:colcon.colcon_core.package_identification:_identify(aic_utils/lerobot_robot_aic) by extension 'colcon_meta'
[0.713s] Level 1:colcon.colcon_core.package_identification:_identify(aic_utils/lerobot_robot_aic) by extensions ['ros']
[0.713s] Level 1:colcon.colcon_core.package_identification:_identify(aic_utils/lerobot_robot_aic) by extension 'ros'
[0.713s] DEBUG:colcon.colcon_core.package_identification:Package 'aic_utils/lerobot_robot_aic' with type 'ros.ament_python' and name 'lerobot_robot_aic'
[0.713s] Level 1:colcon.colcon_core.package_identification:_identify(build) by extensions ['ignore', 'ignore_ament_install']
[0.713s] Level 1:colcon.colcon_core.package_identification:_identify(build) by extension 'ignore'
[0.713s] Level 1:colcon.colcon_core.package_identification:_identify(build) ignored
[0.713s] Level 1:colcon.colcon_core.package_identification:_identify(docker) by extensions ['ignore', 'ignore_ament_install']
[0.713s] Level 1:colcon.colcon_core.package_identification:_identify(docker) by extension 'ignore'
[0.713s] Level 1:colcon.colcon_core.package_identification:_identify(docker) by extension 'ignore_ament_install'
[0.713s] Level 1:colcon.colcon_core.package_identification:_identify(docker) by extensions ['colcon_pkg']
[0.713s] Level 1:colcon.colcon_core.package_identification:_identify(docker) by extension 'colcon_pkg'
[0.713s] Level 1:colcon.colcon_core.package_identification:_identify(docker) by extensions ['colcon_meta']
[0.713s] Level 1:colcon.colcon_core.package_identification:_identify(docker) by extension 'colcon_meta'
[0.713s] Level 1:colcon.colcon_core.package_identification:_identify(docker) by extensions ['ros']
[0.713s] Level 1:colcon.colcon_core.package_identification:_identify(docker) by extension 'ros'
[0.713s] Level 1:colcon.colcon_core.package_identification:_identify(docker) by extensions ['cmake', 'python']
[0.713s] Level 1:colcon.colcon_core.package_identification:_identify(docker) by extension 'cmake'
[0.713s] Level 1:colcon.colcon_core.package_identification:_identify(docker) by extension 'python'
[0.713s] Level 1:colcon.colcon_core.package_identification:_identify(docker) by extensions ['python_setup_py']
[0.714s] Level 1:colcon.colcon_core.package_identification:_identify(docker) by extension 'python_setup_py'
[0.714s] Level 1:colcon.colcon_core.package_identification:_identify(docker/aic_eval) by extensions ['ignore', 'ignore_ament_install']
[0.714s] Level 1:colcon.colcon_core.package_identification:_identify(docker/aic_eval) by extension 'ignore'
[0.714s] Level 1:colcon.colcon_core.package_identification:_identify(docker/aic_eval) by extension 'ignore_ament_install'
[0.714s] Level 1:colcon.colcon_core.package_identification:_identify(docker/aic_eval) by extensions ['colcon_pkg']
[0.714s] Level 1:colcon.colcon_core.package_identification:_identify(docker/aic_eval) by extension 'colcon_pkg'
[0.714s] Level 1:colcon.colcon_core.package_identification:_identify(docker/aic_eval) by extensions ['colcon_meta']
[0.714s] Level 1:colcon.colcon_core.package_identification:_identify(docker/aic_eval) by extension 'colcon_meta'
[0.714s] Level 1:colcon.colcon_core.package_identification:_identify(docker/aic_eval) by extensions ['ros']
[0.714s] Level 1:colcon.colcon_core.package_identification:_identify(docker/aic_eval) by extension 'ros'
[0.714s] Level 1:colcon.colcon_core.package_identification:_identify(docker/aic_eval) by extensions ['cmake', 'python']
[0.714s] Level 1:colcon.colcon_core.package_identification:_identify(docker/aic_eval) by extension 'cmake'
[0.714s] Level 1:colcon.colcon_core.package_identification:_identify(docker/aic_eval) by extension 'python'
[0.714s] Level 1:colcon.colcon_core.package_identification:_identify(docker/aic_eval) by extensions ['python_setup_py']
[0.714s] Level 1:colcon.colcon_core.package_identification:_identify(docker/aic_eval) by extension 'python_setup_py'
[0.714s] Level 1:colcon.colcon_core.package_identification:_identify(docker/aic_model) by extensions ['ignore', 'ignore_ament_install']
[0.714s] Level 1:colcon.colcon_core.package_identification:_identify(docker/aic_model) by extension 'ignore'
[0.714s] Level 1:colcon.colcon_core.package_identification:_identify(docker/aic_model) by extension 'ignore_ament_install'
[0.714s] Level 1:colcon.colcon_core.package_identification:_identify(docker/aic_model) by extensions ['colcon_pkg']
[0.714s] Level 1:colcon.colcon_core.package_identification:_identify(docker/aic_model) by extension 'colcon_pkg'
[0.714s] Level 1:colcon.colcon_core.package_identification:_identify(docker/aic_model) by extensions ['colcon_meta']
[0.714s] Level 1:colcon.colcon_core.package_identification:_identify(docker/aic_model) by extension 'colcon_meta'
[0.714s] Level 1:colcon.colcon_core.package_identification:_identify(docker/aic_model) by extensions ['ros']
[0.714s] Level 1:colcon.colcon_core.package_identification:_identify(docker/aic_model) by extension 'ros'
[0.714s] Level 1:colcon.colcon_core.package_identification:_identify(docker/aic_model) by extensions ['cmake', 'python']
[0.714s] Level 1:colcon.colcon_core.package_identification:_identify(docker/aic_model) by extension 'cmake'
[0.714s] Level 1:colcon.colcon_core.package_identification:_identify(docker/aic_model) by extension 'python'
[0.714s] Level 1:colcon.colcon_core.package_identification:_identify(docker/aic_model) by extensions ['python_setup_py']
[0.714s] Level 1:colcon.colcon_core.package_identification:_identify(docker/aic_model) by extension 'python_setup_py'
[0.714s] Level 1:colcon.colcon_core.package_identification:_identify(docker/rmw_zenohd) by extensions ['ignore', 'ignore_ament_install']
[0.714s] Level 1:colcon.colcon_core.package_identification:_identify(docker/rmw_zenohd) by extension 'ignore'
[0.714s] Level 1:colcon.colcon_core.package_identification:_identify(docker/rmw_zenohd) by extension 'ignore_ament_install'
[0.714s] Level 1:colcon.colcon_core.package_identification:_identify(docker/rmw_zenohd) by extensions ['colcon_pkg']
[0.714s] Level 1:colcon.colcon_core.package_identification:_identify(docker/rmw_zenohd) by extension 'colcon_pkg'
[0.714s] Level 1:colcon.colcon_core.package_identification:_identify(docker/rmw_zenohd) by extensions ['colcon_meta']
[0.714s] Level 1:colcon.colcon_core.package_identification:_identify(docker/rmw_zenohd) by extension 'colcon_meta'
[0.714s] Level 1:colcon.colcon_core.package_identification:_identify(docker/rmw_zenohd) by extensions ['ros']
[0.714s] Level 1:colcon.colcon_core.package_identification:_identify(docker/rmw_zenohd) by extension 'ros'
[0.715s] Level 1:colcon.colcon_core.package_identification:_identify(docker/rmw_zenohd) by extensions ['cmake', 'python']
[0.715s] Level 1:colcon.colcon_core.package_identification:_identify(docker/rmw_zenohd) by extension 'cmake'
[0.715s] Level 1:colcon.colcon_core.package_identification:_identify(docker/rmw_zenohd) by extension 'python'
[0.715s] Level 1:colcon.colcon_core.package_identification:_identify(docker/rmw_zenohd) by extensions ['python_setup_py']
[0.715s] Level 1:colcon.colcon_core.package_identification:_identify(docker/rmw_zenohd) by extension 'python_setup_py'
[0.715s] Level 1:colcon.colcon_core.package_identification:_identify(docs) by extensions ['ignore', 'ignore_ament_install']
[0.715s] Level 1:colcon.colcon_core.package_identification:_identify(docs) by extension 'ignore'
[0.715s] Level 1:colcon.colcon_core.package_identification:_identify(docs) by extension 'ignore_ament_install'
[0.715s] Level 1:colcon.colcon_core.package_identification:_identify(docs) by extensions ['colcon_pkg']
[0.715s] Level 1:colcon.colcon_core.package_identification:_identify(docs) by extension 'colcon_pkg'
[0.715s] Level 1:colcon.colcon_core.package_identification:_identify(docs) by extensions ['colcon_meta']
[0.715s] Level 1:colcon.colcon_core.package_identification:_identify(docs) by extension 'colcon_meta'
[0.715s] Level 1:colcon.colcon_core.package_identification:_identify(docs) by extensions ['ros']
[0.715s] Level 1:colcon.colcon_core.package_identification:_identify(docs) by extension 'ros'
[0.715s] Level 1:colcon.colcon_core.package_identification:_identify(docs) by extensions ['cmake', 'python']
[0.715s] Level 1:colcon.colcon_core.package_identification:_identify(docs) by extension 'cmake'
[0.715s] Level 1:colcon.colcon_core.package_identification:_identify(docs) by extension 'python'
[0.715s] Level 1:colcon.colcon_core.package_identification:_identify(docs) by extensions ['python_setup_py']
[0.715s] Level 1:colcon.colcon_core.package_identification:_identify(docs) by extension 'python_setup_py'
[0.715s] Level 1:colcon.colcon_core.package_identification:_identify(install) by extensions ['ignore', 'ignore_ament_install']
[0.715s] Level 1:colcon.colcon_core.package_identification:_identify(install) by extension 'ignore'
[0.715s] Level 1:colcon.colcon_core.package_identification:_identify(install) ignored
[0.715s] Level 1:colcon.colcon_core.package_identification:_identify(log) by extensions ['ignore', 'ignore_ament_install']
[0.715s] Level 1:colcon.colcon_core.package_identification:_identify(log) by extension 'ignore'
[0.715s] Level 1:colcon.colcon_core.package_identification:_identify(log) ignored
[0.715s] Level 1:colcon.colcon_core.package_identification:_identify(my_policy_node) by extensions ['ignore', 'ignore_ament_install']
[0.715s] Level 1:colcon.colcon_core.package_identification:_identify(my_policy_node) by extension 'ignore'
[0.715s] Level 1:colcon.colcon_core.package_identification:_identify(my_policy_node) by extension 'ignore_ament_install'
[0.715s] Level 1:colcon.colcon_core.package_identification:_identify(my_policy_node) by extensions ['colcon_pkg']
[0.715s] Level 1:colcon.colcon_core.package_identification:_identify(my_policy_node) by extension 'colcon_pkg'
[0.715s] Level 1:colcon.colcon_core.package_identification:_identify(my_policy_node) by extensions ['colcon_meta']
[0.715s] Level 1:colcon.colcon_core.package_identification:_identify(my_policy_node) by extension 'colcon_meta'
[0.715s] Level 1:colcon.colcon_core.package_identification:_identify(my_policy_node) by extensions ['ros']
[0.715s] Level 1:colcon.colcon_core.package_identification:_identify(my_policy_node) by extension 'ros'
[0.716s] DEBUG:colcon.colcon_core.package_identification:Package 'my_policy_node' with type 'ros.ament_python' and name 'my_policy_node'
[0.716s] Level 1:colcon.colcon_core.package_discovery:discover_packages(recursive) using defaults
[0.716s] Level 1:colcon.colcon_core.package_discovery:discover_packages(ignore) discover
[0.716s] Level 1:colcon.colcon_core.package_discovery:discover_packages(ignore) using defaults
[0.716s] Level 1:colcon.colcon_core.package_discovery:discover_packages(path) discover
[0.716s] Level 1:colcon.colcon_core.package_discovery:discover_packages(path) using defaults
[0.741s] Level 1:colcon.colcon_core.package_discovery:discover_packages(prefix_path) check parameters
[0.741s] Level 1:colcon.colcon_core.package_discovery:discover_packages(prefix_path) discover
[0.744s] DEBUG:colcon.colcon_installed_package_information.package_discovery:Found 179 installed packages in /home/damien/ws_aic/src/aic/.pixi/envs/default
[0.745s] Level 1:colcon.colcon_core.package_discovery:discover_packages(prefix_path) using defaults
[0.762s] Level 5:colcon.colcon_core.verb:set package 'aic_assets' build argument 'cmake_args' from command line to 'None'
[0.762s] Level 5:colcon.colcon_core.verb:set package 'aic_assets' build argument 'cmake_target' from command line to 'None'
[0.762s] Level 5:colcon.colcon_core.verb:set package 'aic_assets' build argument 'cmake_target_skip_unavailable' from command line to 'False'
[0.762s] Level 5:colcon.colcon_core.verb:set package 'aic_assets' build argument 'cmake_clean_cache' from command line to 'False'
[0.762s] Level 5:colcon.colcon_core.verb:set package 'aic_assets' build argument 'cmake_clean_first' from command line to 'False'
[0.762s] Level 5:colcon.colcon_core.verb:set package 'aic_assets' build argument 'cmake_force_configure' from command line to 'False'
[0.762s] Level 5:colcon.colcon_core.verb:set package 'aic_assets' build argument 'ament_cmake_args' from command line to 'None'
[0.762s] Level 5:colcon.colcon_core.verb:set package 'aic_assets' build argument 'catkin_cmake_args' from command line to 'None'
[0.762s] Level 5:colcon.colcon_core.verb:set package 'aic_assets' build argument 'catkin_skip_building_tests' from command line to 'False'
[0.762s] DEBUG:colcon.colcon_core.verb:Building package 'aic_assets' with the following arguments: {'ament_cmake_args': None, 'build_base': '/home/damien/ws_aic/src/aic/build/aic_assets', 'catkin_cmake_args': None, 'catkin_skip_building_tests': False, 'cmake_args': None, 'cmake_clean_cache': False, 'cmake_clean_first': False, 'cmake_force_configure': False, 'cmake_target': None, 'cmake_target_skip_unavailable': False, 'install_base': '/home/damien/ws_aic/src/aic/install/aic_assets', 'merge_install': False, 'path': '/home/damien/ws_aic/src/aic/aic_assets', 'symlink_install': False, 'test_result_base': None}
[0.763s] Level 5:colcon.colcon_core.verb:set package 'aic_control_interfaces' build argument 'cmake_args' from command line to 'None'
[0.763s] Level 5:colcon.colcon_core.verb:set package 'aic_control_interfaces' build argument 'cmake_target' from command line to 'None'
[0.763s] Level 5:colcon.colcon_core.verb:set package 'aic_control_interfaces' build argument 'cmake_target_skip_unavailable' from command line to 'False'
[0.763s] Level 5:colcon.colcon_core.verb:set package 'aic_control_interfaces' build argument 'cmake_clean_cache' from command line to 'False'
[0.763s] Level 5:colcon.colcon_core.verb:set package 'aic_control_interfaces' build argument 'cmake_clean_first' from command line to 'False'
[0.763s] Level 5:colcon.colcon_core.verb:set package 'aic_control_interfaces' build argument 'cmake_force_configure' from command line to 'False'
[0.763s] Level 5:colcon.colcon_core.verb:set package 'aic_control_interfaces' build argument 'ament_cmake_args' from command line to 'None'
[0.763s] Level 5:colcon.colcon_core.verb:set package 'aic_control_interfaces' build argument 'catkin_cmake_args' from command line to 'None'
[0.763s] Level 5:colcon.colcon_core.verb:set package 'aic_control_interfaces' build argument 'catkin_skip_building_tests' from command line to 'False'
[0.763s] DEBUG:colcon.colcon_core.verb:Building package 'aic_control_interfaces' with the following arguments: {'ament_cmake_args': None, 'build_base': '/home/damien/ws_aic/src/aic/build/aic_control_interfaces', 'catkin_cmake_args': None, 'catkin_skip_building_tests': False, 'cmake_args': None, 'cmake_clean_cache': False, 'cmake_clean_first': False, 'cmake_force_configure': False, 'cmake_target': None, 'cmake_target_skip_unavailable': False, 'install_base': '/home/damien/ws_aic/src/aic/install/aic_control_interfaces', 'merge_install': False, 'path': '/home/damien/ws_aic/src/aic/aic_interfaces/aic_control_interfaces', 'symlink_install': False, 'test_result_base': None}
[0.763s] Level 5:colcon.colcon_core.verb:set package 'aic_engine_interfaces' build argument 'cmake_args' from command line to 'None'
[0.763s] Level 5:colcon.colcon_core.verb:set package 'aic_engine_interfaces' build argument 'cmake_target' from command line to 'None'
[0.763s] Level 5:colcon.colcon_core.verb:set package 'aic_engine_interfaces' build argument 'cmake_target_skip_unavailable' from command line to 'False'
[0.763s] Level 5:colcon.colcon_core.verb:set package 'aic_engine_interfaces' build argument 'cmake_clean_cache' from command line to 'False'
[0.763s] Level 5:colcon.colcon_core.verb:set package 'aic_engine_interfaces' build argument 'cmake_clean_first' from command line to 'False'
[0.763s] Level 5:colcon.colcon_core.verb:set package 'aic_engine_interfaces' build argument 'cmake_force_configure' from command line to 'False'
[0.763s] Level 5:colcon.colcon_core.verb:set package 'aic_engine_interfaces' build argument 'ament_cmake_args' from command line to 'None'
[0.763s] Level 5:colcon.colcon_core.verb:set package 'aic_engine_interfaces' build argument 'catkin_cmake_args' from command line to 'None'
[0.763s] Level 5:colcon.colcon_core.verb:set package 'aic_engine_interfaces' build argument 'catkin_skip_building_tests' from command line to 'False'
[0.763s] DEBUG:colcon.colcon_core.verb:Building package 'aic_engine_interfaces' with the following arguments: {'ament_cmake_args': None, 'build_base': '/home/damien/ws_aic/src/aic/build/aic_engine_interfaces', 'catkin_cmake_args': None, 'catkin_skip_building_tests': False, 'cmake_args': None, 'cmake_clean_cache': False, 'cmake_clean_first': False, 'cmake_force_configure': False, 'cmake_target': None, 'cmake_target_skip_unavailable': False, 'install_base': '/home/damien/ws_aic/src/aic/install/aic_engine_interfaces', 'merge_install': False, 'path': '/home/damien/ws_aic/src/aic/aic_interfaces/aic_engine_interfaces', 'symlink_install': False, 'test_result_base': None}
[0.763s] Level 5:colcon.colcon_core.verb:set package 'aic_task' build argument 'cmake_args' from command line to 'None'
[0.763s] Level 5:colcon.colcon_core.verb:set package 'aic_task' build argument 'cmake_target' from command line to 'None'
[0.763s] Level 5:colcon.colcon_core.verb:set package 'aic_task' build argument 'cmake_target_skip_unavailable' from command line to 'False'
[0.763s] Level 5:colcon.colcon_core.verb:set package 'aic_task' build argument 'cmake_clean_cache' from command line to 'False'
[0.763s] Level 5:colcon.colcon_core.verb:set package 'aic_task' build argument 'cmake_clean_first' from command line to 'False'
[0.763s] Level 5:colcon.colcon_core.verb:set package 'aic_task' build argument 'cmake_force_configure' from command line to 'False'
[0.763s] Level 5:colcon.colcon_core.verb:set package 'aic_task' build argument 'ament_cmake_args' from command line to 'None'
[0.763s] Level 5:colcon.colcon_core.verb:set package 'aic_task' build argument 'catkin_cmake_args' from command line to 'None'
[0.763s] Level 5:colcon.colcon_core.verb:set package 'aic_task' build argument 'catkin_skip_building_tests' from command line to 'False'
[0.763s] DEBUG:colcon.colcon_core.verb:Building package 'aic_task' with the following arguments: {'ament_cmake_args': None, 'build_base': '/home/damien/ws_aic/src/aic/build/aic_task', 'catkin_cmake_args': None, 'catkin_skip_building_tests': False, 'cmake_args': None, 'cmake_clean_cache': False, 'cmake_clean_first': False, 'cmake_force_configure': False, 'cmake_target': None, 'cmake_target_skip_unavailable': False, 'install_base': '/home/damien/ws_aic/src/aic/install/aic_task', 'merge_install': False, 'path': '/home/damien/ws_aic/src/aic/aic_utils/aic_isaac/aic_isaaclab/source/aic_task', 'symlink_install': False, 'test_result_base': None}
[0.763s] Level 5:colcon.colcon_core.verb:set package 'aic_task_interfaces' build argument 'cmake_args' from command line to 'None'
[0.763s] Level 5:colcon.colcon_core.verb:set package 'aic_task_interfaces' build argument 'cmake_target' from command line to 'None'
[0.763s] Level 5:colcon.colcon_core.verb:set package 'aic_task_interfaces' build argument 'cmake_target_skip_unavailable' from command line to 'False'
[0.763s] Level 5:colcon.colcon_core.verb:set package 'aic_task_interfaces' build argument 'cmake_clean_cache' from command line to 'False'
[0.763s] Level 5:colcon.colcon_core.verb:set package 'aic_task_interfaces' build argument 'cmake_clean_first' from command line to 'False'
[0.763s] Level 5:colcon.colcon_core.verb:set package 'aic_task_interfaces' build argument 'cmake_force_configure' from command line to 'False'
[0.763s] Level 5:colcon.colcon_core.verb:set package 'aic_task_interfaces' build argument 'ament_cmake_args' from command line to 'None'
[0.763s] Level 5:colcon.colcon_core.verb:set package 'aic_task_interfaces' build argument 'catkin_cmake_args' from command line to 'None'
[0.763s] Level 5:colcon.colcon_core.verb:set package 'aic_task_interfaces' build argument 'catkin_skip_building_tests' from command line to 'False'
[0.764s] DEBUG:colcon.colcon_core.verb:Building package 'aic_task_interfaces' with the following arguments: {'ament_cmake_args': None, 'build_base': '/home/damien/ws_aic/src/aic/build/aic_task_interfaces', 'catkin_cmake_args': None, 'catkin_skip_building_tests': False, 'cmake_args': None, 'cmake_clean_cache': False, 'cmake_clean_first': False, 'cmake_force_configure': False, 'cmake_target': None, 'cmake_target_skip_unavailable': False, 'install_base': '/home/damien/ws_aic/src/aic/install/aic_task_interfaces', 'merge_install': False, 'path': '/home/damien/ws_aic/src/aic/aic_interfaces/aic_task_interfaces', 'symlink_install': False, 'test_result_base': None}
[0.764s] Level 5:colcon.colcon_core.verb:set package 'aic_training_interfaces' build argument 'cmake_args' from command line to 'None'
[0.764s] Level 5:colcon.colcon_core.verb:set package 'aic_training_interfaces' build argument 'cmake_target' from command line to 'None'
[0.764s] Level 5:colcon.colcon_core.verb:set package 'aic_training_interfaces' build argument 'cmake_target_skip_unavailable' from command line to 'False'
[0.764s] Level 5:colcon.colcon_core.verb:set package 'aic_training_interfaces' build argument 'cmake_clean_cache' from command line to 'False'
[0.764s] Level 5:colcon.colcon_core.verb:set package 'aic_training_interfaces' build argument 'cmake_clean_first' from command line to 'False'
[0.764s] Level 5:colcon.colcon_core.verb:set package 'aic_training_interfaces' build argument 'cmake_force_configure' from command line to 'False'
[0.764s] Level 5:colcon.colcon_core.verb:set package 'aic_training_interfaces' build argument 'ament_cmake_args' from command line to 'None'
[0.764s] Level 5:colcon.colcon_core.verb:set package 'aic_training_interfaces' build argument 'catkin_cmake_args' from command line to 'None'
[0.764s] Level 5:colcon.colcon_core.verb:set package 'aic_training_interfaces' build argument 'catkin_skip_building_tests' from command line to 'False'
[0.764s] DEBUG:colcon.colcon_core.verb:Building package 'aic_training_interfaces' with the following arguments: {'ament_cmake_args': None, 'build_base': '/home/damien/ws_aic/src/aic/build/aic_training_interfaces', 'catkin_cmake_args': None, 'catkin_skip_building_tests': False, 'cmake_args': None, 'cmake_clean_cache': False, 'cmake_clean_first': False, 'cmake_force_configure': False, 'cmake_target': None, 'cmake_target_skip_unavailable': False, 'install_base': '/home/damien/ws_aic/src/aic/install/aic_training_interfaces', 'merge_install': False, 'path': '/home/damien/ws_aic/src/aic/aic_utils/aic_training_interfaces', 'symlink_install': False, 'test_result_base': None}
[0.764s] Level 5:colcon.colcon_core.verb:set package 'aic_controller' build argument 'cmake_args' from command line to 'None'
[0.764s] Level 5:colcon.colcon_core.verb:set package 'aic_controller' build argument 'cmake_target' from command line to 'None'
[0.764s] Level 5:colcon.colcon_core.verb:set package 'aic_controller' build argument 'cmake_target_skip_unavailable' from command line to 'False'
[0.764s] Level 5:colcon.colcon_core.verb:set package 'aic_controller' build argument 'cmake_clean_cache' from command line to 'False'
[0.764s] Level 5:colcon.colcon_core.verb:set package 'aic_controller' build argument 'cmake_clean_first' from command line to 'False'
[0.764s] Level 5:colcon.colcon_core.verb:set package 'aic_controller' build argument 'cmake_force_configure' from command line to 'False'
[0.764s] Level 5:colcon.colcon_core.verb:set package 'aic_controller' build argument 'ament_cmake_args' from command line to 'None'
[0.764s] Level 5:colcon.colcon_core.verb:set package 'aic_controller' build argument 'catkin_cmake_args' from command line to 'None'
[0.764s] Level 5:colcon.colcon_core.verb:set package 'aic_controller' build argument 'catkin_skip_building_tests' from command line to 'False'
[0.764s] DEBUG:colcon.colcon_core.verb:Building package 'aic_controller' with the following arguments: {'ament_cmake_args': None, 'build_base': '/home/damien/ws_aic/src/aic/build/aic_controller', 'catkin_cmake_args': None, 'catkin_skip_building_tests': False, 'cmake_args': None, 'cmake_clean_cache': False, 'cmake_clean_first': False, 'cmake_force_configure': False, 'cmake_target': None, 'cmake_target_skip_unavailable': False, 'install_base': '/home/damien/ws_aic/src/aic/install/aic_controller', 'merge_install': False, 'path': '/home/damien/ws_aic/src/aic/aic_controller', 'symlink_install': False, 'test_result_base': None}
[0.764s] Level 5:colcon.colcon_core.verb:set package 'aic_gazebo' build argument 'cmake_args' from command line to 'None'
[0.764s] Level 5:colcon.colcon_core.verb:set package 'aic_gazebo' build argument 'cmake_target' from command line to 'None'
[0.764s] Level 5:colcon.colcon_core.verb:set package 'aic_gazebo' build argument 'cmake_target_skip_unavailable' from command line to 'False'
[0.764s] Level 5:colcon.colcon_core.verb:set package 'aic_gazebo' build argument 'cmake_clean_cache' from command line to 'False'
[0.764s] Level 5:colcon.colcon_core.verb:set package 'aic_gazebo' build argument 'cmake_clean_first' from command line to 'False'
[0.764s] Level 5:colcon.colcon_core.verb:set package 'aic_gazebo' build argument 'cmake_force_configure' from command line to 'False'
[0.764s] Level 5:colcon.colcon_core.verb:set package 'aic_gazebo' build argument 'ament_cmake_args' from command line to 'None'
[0.764s] Level 5:colcon.colcon_core.verb:set package 'aic_gazebo' build argument 'catkin_cmake_args' from command line to 'None'
[0.764s] Level 5:colcon.colcon_core.verb:set package 'aic_gazebo' build argument 'catkin_skip_building_tests' from command line to 'False'
[0.764s] DEBUG:colcon.colcon_core.verb:Building package 'aic_gazebo' with the following arguments: {'ament_cmake_args': None, 'build_base': '/home/damien/ws_aic/src/aic/build/aic_gazebo', 'catkin_cmake_args': None, 'catkin_skip_building_tests': False, 'cmake_args': None, 'cmake_clean_cache': False, 'cmake_clean_first': False, 'cmake_force_configure': False, 'cmake_target': None, 'cmake_target_skip_unavailable': False, 'install_base': '/home/damien/ws_aic/src/aic/install/aic_gazebo', 'merge_install': False, 'path': '/home/damien/ws_aic/src/aic/aic_gazebo', 'symlink_install': False, 'test_result_base': None}
[0.764s] Level 5:colcon.colcon_core.verb:set package 'aic_model_interfaces' build argument 'cmake_args' from command line to 'None'
[0.764s] Level 5:colcon.colcon_core.verb:set package 'aic_model_interfaces' build argument 'cmake_target' from command line to 'None'
[0.764s] Level 5:colcon.colcon_core.verb:set package 'aic_model_interfaces' build argument 'cmake_target_skip_unavailable' from command line to 'False'
[0.764s] Level 5:colcon.colcon_core.verb:set package 'aic_model_interfaces' build argument 'cmake_clean_cache' from command line to 'False'
[0.764s] Level 5:colcon.colcon_core.verb:set package 'aic_model_interfaces' build argument 'cmake_clean_first' from command line to 'False'
[0.764s] Level 5:colcon.colcon_core.verb:set package 'aic_model_interfaces' build argument 'cmake_force_configure' from command line to 'False'
[0.764s] Level 5:colcon.colcon_core.verb:set package 'aic_model_interfaces' build argument 'ament_cmake_args' from command line to 'None'
[0.764s] Level 5:colcon.colcon_core.verb:set package 'aic_model_interfaces' build argument 'catkin_cmake_args' from command line to 'None'
[0.764s] Level 5:colcon.colcon_core.verb:set package 'aic_model_interfaces' build argument 'catkin_skip_building_tests' from command line to 'False'
[0.764s] DEBUG:colcon.colcon_core.verb:Building package 'aic_model_interfaces' with the following arguments: {'ament_cmake_args': None, 'build_base': '/home/damien/ws_aic/src/aic/build/aic_model_interfaces', 'catkin_cmake_args': None, 'catkin_skip_building_tests': False, 'cmake_args': None, 'cmake_clean_cache': False, 'cmake_clean_first': False, 'cmake_force_configure': False, 'cmake_target': None, 'cmake_target_skip_unavailable': False, 'install_base': '/home/damien/ws_aic/src/aic/install/aic_model_interfaces', 'merge_install': False, 'path': '/home/damien/ws_aic/src/aic/aic_interfaces/aic_model_interfaces', 'symlink_install': False, 'test_result_base': None}
[0.765s] Level 5:colcon.colcon_core.verb:set package 'aic_scoring' build argument 'cmake_args' from command line to 'None'
[0.765s] Level 5:colcon.colcon_core.verb:set package 'aic_scoring' build argument 'cmake_target' from command line to 'None'
[0.765s] Level 5:colcon.colcon_core.verb:set package 'aic_scoring' build argument 'cmake_target_skip_unavailable' from command line to 'False'
[0.765s] Level 5:colcon.colcon_core.verb:set package 'aic_scoring' build argument 'cmake_clean_cache' from command line to 'False'
[0.765s] Level 5:colcon.colcon_core.verb:set package 'aic_scoring' build argument 'cmake_clean_first' from command line to 'False'
[0.765s] Level 5:colcon.colcon_core.verb:set package 'aic_scoring' build argument 'cmake_force_configure' from command line to 'False'
[0.765s] Level 5:colcon.colcon_core.verb:set package 'aic_scoring' build argument 'ament_cmake_args' from command line to 'None'
[0.765s] Level 5:colcon.colcon_core.verb:set package 'aic_scoring' build argument 'catkin_cmake_args' from command line to 'None'
[0.765s] Level 5:colcon.colcon_core.verb:set package 'aic_scoring' build argument 'catkin_skip_building_tests' from command line to 'False'
[0.765s] DEBUG:colcon.colcon_core.verb:Building package 'aic_scoring' with the following arguments: {'ament_cmake_args': None, 'build_base': '/home/damien/ws_aic/src/aic/build/aic_scoring', 'catkin_cmake_args': None, 'catkin_skip_building_tests': False, 'cmake_args': None, 'cmake_clean_cache': False, 'cmake_clean_first': False, 'cmake_force_configure': False, 'cmake_target': None, 'cmake_target_skip_unavailable': False, 'install_base': '/home/damien/ws_aic/src/aic/install/aic_scoring', 'merge_install': False, 'path': '/home/damien/ws_aic/src/aic/aic_scoring', 'symlink_install': False, 'test_result_base': None}
[0.765s] Level 5:colcon.colcon_core.verb:set package 'aic_teleoperation' build argument 'cmake_args' from command line to 'None'
[0.765s] Level 5:colcon.colcon_core.verb:set package 'aic_teleoperation' build argument 'cmake_target' from command line to 'None'
[0.765s] Level 5:colcon.colcon_core.verb:set package 'aic_teleoperation' build argument 'cmake_target_skip_unavailable' from command line to 'False'
[0.765s] Level 5:colcon.colcon_core.verb:set package 'aic_teleoperation' build argument 'cmake_clean_cache' from command line to 'False'
[0.765s] Level 5:colcon.colcon_core.verb:set package 'aic_teleoperation' build argument 'cmake_clean_first' from command line to 'False'
[0.765s] Level 5:colcon.colcon_core.verb:set package 'aic_teleoperation' build argument 'cmake_force_configure' from command line to 'False'
[0.765s] Level 5:colcon.colcon_core.verb:set package 'aic_teleoperation' build argument 'ament_cmake_args' from command line to 'None'
[0.765s] Level 5:colcon.colcon_core.verb:set package 'aic_teleoperation' build argument 'catkin_cmake_args' from command line to 'None'
[0.765s] Level 5:colcon.colcon_core.verb:set package 'aic_teleoperation' build argument 'catkin_skip_building_tests' from command line to 'False'
[0.765s] DEBUG:colcon.colcon_core.verb:Building package 'aic_teleoperation' with the following arguments: {'ament_cmake_args': None, 'build_base': '/home/damien/ws_aic/src/aic/build/aic_teleoperation', 'catkin_cmake_args': None, 'catkin_skip_building_tests': False, 'cmake_args': None, 'cmake_clean_cache': False, 'cmake_clean_first': False, 'cmake_force_configure': False, 'cmake_target': None, 'cmake_target_skip_unavailable': False, 'install_base': '/home/damien/ws_aic/src/aic/install/aic_teleoperation', 'merge_install': False, 'path': '/home/damien/ws_aic/src/aic/aic_utils/aic_teleoperation', 'symlink_install': False, 'test_result_base': None}
[0.765s] Level 5:colcon.colcon_core.verb:set package 'lerobot_robot_aic' build argument 'cmake_args' from command line to 'None'
[0.765s] Level 5:colcon.colcon_core.verb:set package 'lerobot_robot_aic' build argument 'cmake_target' from command line to 'None'
[0.765s] Level 5:colcon.colcon_core.verb:set package 'lerobot_robot_aic' build argument 'cmake_target_skip_unavailable' from command line to 'False'
[0.765s] Level 5:colcon.colcon_core.verb:set package 'lerobot_robot_aic' build argument 'cmake_clean_cache' from command line to 'False'
[0.765s] Level 5:colcon.colcon_core.verb:set package 'lerobot_robot_aic' build argument 'cmake_clean_first' from command line to 'False'
[0.765s] Level 5:colcon.colcon_core.verb:set package 'lerobot_robot_aic' build argument 'cmake_force_configure' from command line to 'False'
[0.765s] Level 5:colcon.colcon_core.verb:set package 'lerobot_robot_aic' build argument 'ament_cmake_args' from command line to 'None'
[0.765s] Level 5:colcon.colcon_core.verb:set package 'lerobot_robot_aic' build argument 'catkin_cmake_args' from command line to 'None'
[0.765s] Level 5:colcon.colcon_core.verb:set package 'lerobot_robot_aic' build argument 'catkin_skip_building_tests' from command line to 'False'
[0.765s] DEBUG:colcon.colcon_core.verb:Building package 'lerobot_robot_aic' with the following arguments: {'ament_cmake_args': None, 'build_base': '/home/damien/ws_aic/src/aic/build/lerobot_robot_aic', 'catkin_cmake_args': None, 'catkin_skip_building_tests': False, 'cmake_args': None, 'cmake_clean_cache': False, 'cmake_clean_first': False, 'cmake_force_configure': False, 'cmake_target': None, 'cmake_target_skip_unavailable': False, 'install_base': '/home/damien/ws_aic/src/aic/install/lerobot_robot_aic', 'merge_install': False, 'path': '/home/damien/ws_aic/src/aic/aic_utils/lerobot_robot_aic', 'symlink_install': False, 'test_result_base': None}
[0.765s] Level 5:colcon.colcon_core.verb:set package 'aic_adapter' build argument 'cmake_args' from command line to 'None'
[0.765s] Level 5:colcon.colcon_core.verb:set package 'aic_adapter' build argument 'cmake_target' from command line to 'None'
[0.765s] Level 5:colcon.colcon_core.verb:set package 'aic_adapter' build argument 'cmake_target_skip_unavailable' from command line to 'False'
[0.765s] Level 5:colcon.colcon_core.verb:set package 'aic_adapter' build argument 'cmake_clean_cache' from command line to 'False'
[0.765s] Level 5:colcon.colcon_core.verb:set package 'aic_adapter' build argument 'cmake_clean_first' from command line to 'False'
[0.765s] Level 5:colcon.colcon_core.verb:set package 'aic_adapter' build argument 'cmake_force_configure' from command line to 'False'
[0.765s] Level 5:colcon.colcon_core.verb:set package 'aic_adapter' build argument 'ament_cmake_args' from command line to 'None'
[0.765s] Level 5:colcon.colcon_core.verb:set package 'aic_adapter' build argument 'catkin_cmake_args' from command line to 'None'
[0.765s] Level 5:colcon.colcon_core.verb:set package 'aic_adapter' build argument 'catkin_skip_building_tests' from command line to 'False'
[0.765s] DEBUG:colcon.colcon_core.verb:Building package 'aic_adapter' with the following arguments: {'ament_cmake_args': None, 'build_base': '/home/damien/ws_aic/src/aic/build/aic_adapter', 'catkin_cmake_args': None, 'catkin_skip_building_tests': False, 'cmake_args': None, 'cmake_clean_cache': False, 'cmake_clean_first': False, 'cmake_force_configure': False, 'cmake_target': None, 'cmake_target_skip_unavailable': False, 'install_base': '/home/damien/ws_aic/src/aic/install/aic_adapter', 'merge_install': False, 'path': '/home/damien/ws_aic/src/aic/aic_adapter', 'symlink_install': False, 'test_result_base': None}
[0.766s] Level 5:colcon.colcon_core.verb:set package 'aic_description' build argument 'cmake_args' from command line to 'None'
[0.766s] Level 5:colcon.colcon_core.verb:set package 'aic_description' build argument 'cmake_target' from command line to 'None'
[0.766s] Level 5:colcon.colcon_core.verb:set package 'aic_description' build argument 'cmake_target_skip_unavailable' from command line to 'False'
[0.766s] Level 5:colcon.colcon_core.verb:set package 'aic_description' build argument 'cmake_clean_cache' from command line to 'False'
[0.766s] Level 5:colcon.colcon_core.verb:set package 'aic_description' build argument 'cmake_clean_first' from command line to 'False'
[0.766s] Level 5:colcon.colcon_core.verb:set package 'aic_description' build argument 'cmake_force_configure' from command line to 'False'
[0.766s] Level 5:colcon.colcon_core.verb:set package 'aic_description' build argument 'ament_cmake_args' from command line to 'None'
[0.766s] Level 5:colcon.colcon_core.verb:set package 'aic_description' build argument 'catkin_cmake_args' from command line to 'None'
[0.766s] Level 5:colcon.colcon_core.verb:set package 'aic_description' build argument 'catkin_skip_building_tests' from command line to 'False'
[0.766s] DEBUG:colcon.colcon_core.verb:Building package 'aic_description' with the following arguments: {'ament_cmake_args': None, 'build_base': '/home/damien/ws_aic/src/aic/build/aic_description', 'catkin_cmake_args': None, 'catkin_skip_building_tests': False, 'cmake_args': None, 'cmake_clean_cache': False, 'cmake_clean_first': False, 'cmake_force_configure': False, 'cmake_target': None, 'cmake_target_skip_unavailable': False, 'install_base': '/home/damien/ws_aic/src/aic/install/aic_description', 'merge_install': False, 'path': '/home/damien/ws_aic/src/aic/aic_description', 'symlink_install': False, 'test_result_base': None}
[0.766s] Level 5:colcon.colcon_core.verb:set package 'aic_engine' build argument 'cmake_args' from command line to 'None'
[0.766s] Level 5:colcon.colcon_core.verb:set package 'aic_engine' build argument 'cmake_target' from command line to 'None'
[0.766s] Level 5:colcon.colcon_core.verb:set package 'aic_engine' build argument 'cmake_target_skip_unavailable' from command line to 'False'
[0.766s] Level 5:colcon.colcon_core.verb:set package 'aic_engine' build argument 'cmake_clean_cache' from command line to 'False'
[0.766s] Level 5:colcon.colcon_core.verb:set package 'aic_engine' build argument 'cmake_clean_first' from command line to 'False'
[0.766s] Level 5:colcon.colcon_core.verb:set package 'aic_engine' build argument 'cmake_force_configure' from command line to 'False'
[0.766s] Level 5:colcon.colcon_core.verb:set package 'aic_engine' build argument 'ament_cmake_args' from command line to 'None'
[0.766s] Level 5:colcon.colcon_core.verb:set package 'aic_engine' build argument 'catkin_cmake_args' from command line to 'None'
[0.766s] Level 5:colcon.colcon_core.verb:set package 'aic_engine' build argument 'catkin_skip_building_tests' from command line to 'False'
[0.766s] DEBUG:colcon.colcon_core.verb:Building package 'aic_engine' with the following arguments: {'ament_cmake_args': None, 'build_base': '/home/damien/ws_aic/src/aic/build/aic_engine', 'catkin_cmake_args': None, 'catkin_skip_building_tests': False, 'cmake_args': None, 'cmake_clean_cache': False, 'cmake_clean_first': False, 'cmake_force_configure': False, 'cmake_target': None, 'cmake_target_skip_unavailable': False, 'install_base': '/home/damien/ws_aic/src/aic/install/aic_engine', 'merge_install': False, 'path': '/home/damien/ws_aic/src/aic/aic_engine', 'symlink_install': False, 'test_result_base': None}
[0.766s] Level 5:colcon.colcon_core.verb:set package 'aic_model' build argument 'cmake_args' from command line to 'None'
[0.766s] Level 5:colcon.colcon_core.verb:set package 'aic_model' build argument 'cmake_target' from command line to 'None'
[0.766s] Level 5:colcon.colcon_core.verb:set package 'aic_model' build argument 'cmake_target_skip_unavailable' from command line to 'False'
[0.766s] Level 5:colcon.colcon_core.verb:set package 'aic_model' build argument 'cmake_clean_cache' from command line to 'False'
[0.766s] Level 5:colcon.colcon_core.verb:set package 'aic_model' build argument 'cmake_clean_first' from command line to 'False'
[0.766s] Level 5:colcon.colcon_core.verb:set package 'aic_model' build argument 'cmake_force_configure' from command line to 'False'
[0.766s] Level 5:colcon.colcon_core.verb:set package 'aic_model' build argument 'ament_cmake_args' from command line to 'None'
[0.766s] Level 5:colcon.colcon_core.verb:set package 'aic_model' build argument 'catkin_cmake_args' from command line to 'None'
[0.766s] Level 5:colcon.colcon_core.verb:set package 'aic_model' build argument 'catkin_skip_building_tests' from command line to 'False'
[0.766s] DEBUG:colcon.colcon_core.verb:Building package 'aic_model' with the following arguments: {'ament_cmake_args': None, 'build_base': '/home/damien/ws_aic/src/aic/build/aic_model', 'catkin_cmake_args': None, 'catkin_skip_building_tests': False, 'cmake_args': None, 'cmake_clean_cache': False, 'cmake_clean_first': False, 'cmake_force_configure': False, 'cmake_target': None, 'cmake_target_skip_unavailable': False, 'install_base': '/home/damien/ws_aic/src/aic/install/aic_model', 'merge_install': False, 'path': '/home/damien/ws_aic/src/aic/aic_model', 'symlink_install': False, 'test_result_base': None}
[0.766s] Level 5:colcon.colcon_core.verb:set package 'aic_bringup' build argument 'cmake_args' from command line to 'None'
[0.766s] Level 5:colcon.colcon_core.verb:set package 'aic_bringup' build argument 'cmake_target' from command line to 'None'
[0.766s] Level 5:colcon.colcon_core.verb:set package 'aic_bringup' build argument 'cmake_target_skip_unavailable' from command line to 'False'
[0.766s] Level 5:colcon.colcon_core.verb:set package 'aic_bringup' build argument 'cmake_clean_cache' from command line to 'False'
[0.766s] Level 5:colcon.colcon_core.verb:set package 'aic_bringup' build argument 'cmake_clean_first' from command line to 'False'
[0.766s] Level 5:colcon.colcon_core.verb:set package 'aic_bringup' build argument 'cmake_force_configure' from command line to 'False'
[0.766s] Level 5:colcon.colcon_core.verb:set package 'aic_bringup' build argument 'ament_cmake_args' from command line to 'None'
[0.766s] Level 5:colcon.colcon_core.verb:set package 'aic_bringup' build argument 'catkin_cmake_args' from command line to 'None'
[0.766s] Level 5:colcon.colcon_core.verb:set package 'aic_bringup' build argument 'catkin_skip_building_tests' from command line to 'False'
[0.766s] DEBUG:colcon.colcon_core.verb:Building package 'aic_bringup' with the following arguments: {'ament_cmake_args': None, 'build_base': '/home/damien/ws_aic/src/aic/build/aic_bringup', 'catkin_cmake_args': None, 'catkin_skip_building_tests': False, 'cmake_args': None, 'cmake_clean_cache': False, 'cmake_clean_first': False, 'cmake_force_configure': False, 'cmake_target': None, 'cmake_target_skip_unavailable': False, 'install_base': '/home/damien/ws_aic/src/aic/install/aic_bringup', 'merge_install': False, 'path': '/home/damien/ws_aic/src/aic/aic_bringup', 'symlink_install': False, 'test_result_base': None}
[0.766s] Level 5:colcon.colcon_core.verb:set package 'aic_example_policies' build argument 'cmake_args' from command line to 'None'
[0.766s] Level 5:colcon.colcon_core.verb:set package 'aic_example_policies' build argument 'cmake_target' from command line to 'None'
[0.766s] Level 5:colcon.colcon_core.verb:set package 'aic_example_policies' build argument 'cmake_target_skip_unavailable' from command line to 'False'
[0.766s] Level 5:colcon.colcon_core.verb:set package 'aic_example_policies' build argument 'cmake_clean_cache' from command line to 'False'
[0.766s] Level 5:colcon.colcon_core.verb:set package 'aic_example_policies' build argument 'cmake_clean_first' from command line to 'False'
[0.766s] Level 5:colcon.colcon_core.verb:set package 'aic_example_policies' build argument 'cmake_force_configure' from command line to 'False'
[0.766s] Level 5:colcon.colcon_core.verb:set package 'aic_example_policies' build argument 'ament_cmake_args' from command line to 'None'
[0.766s] Level 5:colcon.colcon_core.verb:set package 'aic_example_policies' build argument 'catkin_cmake_args' from command line to 'None'
[0.767s] Level 5:colcon.colcon_core.verb:set package 'aic_example_policies' build argument 'catkin_skip_building_tests' from command line to 'False'
[0.767s] DEBUG:colcon.colcon_core.verb:Building package 'aic_example_policies' with the following arguments: {'ament_cmake_args': None, 'build_base': '/home/damien/ws_aic/src/aic/build/aic_example_policies', 'catkin_cmake_args': None, 'catkin_skip_building_tests': False, 'cmake_args': None, 'cmake_clean_cache': False, 'cmake_clean_first': False, 'cmake_force_configure': False, 'cmake_target': None, 'cmake_target_skip_unavailable': False, 'install_base': '/home/damien/ws_aic/src/aic/install/aic_example_policies', 'merge_install': False, 'path': '/home/damien/ws_aic/src/aic/aic_example_policies', 'symlink_install': False, 'test_result_base': None}
[0.767s] Level 5:colcon.colcon_core.verb:set package 'my_policy_node' build argument 'cmake_args' from command line to 'None'
[0.767s] Level 5:colcon.colcon_core.verb:set package 'my_policy_node' build argument 'cmake_target' from command line to 'None'
[0.767s] Level 5:colcon.colcon_core.verb:set package 'my_policy_node' build argument 'cmake_target_skip_unavailable' from command line to 'False'
[0.767s] Level 5:colcon.colcon_core.verb:set package 'my_policy_node' build argument 'cmake_clean_cache' from command line to 'False'
[0.767s] Level 5:colcon.colcon_core.verb:set package 'my_policy_node' build argument 'cmake_clean_first' from command line to 'False'
[0.767s] Level 5:colcon.colcon_core.verb:set package 'my_policy_node' build argument 'cmake_force_configure' from command line to 'False'
[0.767s] Level 5:colcon.colcon_core.verb:set package 'my_policy_node' build argument 'ament_cmake_args' from command line to 'None'
[0.767s] Level 5:colcon.colcon_core.verb:set package 'my_policy_node' build argument 'catkin_cmake_args' from command line to 'None'
[0.767s] Level 5:colcon.colcon_core.verb:set package 'my_policy_node' build argument 'catkin_skip_building_tests' from command line to 'False'
[0.767s] DEBUG:colcon.colcon_core.verb:Building package 'my_policy_node' with the following arguments: {'ament_cmake_args': None, 'build_base': '/home/damien/ws_aic/src/aic/build/my_policy_node', 'catkin_cmake_args': None, 'catkin_skip_building_tests': False, 'cmake_args': None, 'cmake_clean_cache': False, 'cmake_clean_first': False, 'cmake_force_configure': False, 'cmake_target': None, 'cmake_target_skip_unavailable': False, 'install_base': '/home/damien/ws_aic/src/aic/install/my_policy_node', 'merge_install': False, 'path': '/home/damien/ws_aic/src/aic/my_policy_node', 'symlink_install': False, 'test_result_base': None}
[0.767s] Level 5:colcon.colcon_core.verb:set package 'aic_mujoco' build argument 'cmake_args' from command line to 'None'
[0.767s] Level 5:colcon.colcon_core.verb:set package 'aic_mujoco' build argument 'cmake_target' from command line to 'None'
[0.767s] Level 5:colcon.colcon_core.verb:set package 'aic_mujoco' build argument 'cmake_target_skip_unavailable' from command line to 'False'
[0.767s] Level 5:colcon.colcon_core.verb:set package 'aic_mujoco' build argument 'cmake_clean_cache' from command line to 'False'
[0.767s] Level 5:colcon.colcon_core.verb:set package 'aic_mujoco' build argument 'cmake_clean_first' from command line to 'False'
[0.767s] Level 5:colcon.colcon_core.verb:set package 'aic_mujoco' build argument 'cmake_force_configure' from command line to 'False'
[0.767s] Level 5:colcon.colcon_core.verb:set package 'aic_mujoco' build argument 'ament_cmake_args' from command line to 'None'
[0.767s] Level 5:colcon.colcon_core.verb:set package 'aic_mujoco' build argument 'catkin_cmake_args' from command line to 'None'
[0.767s] Level 5:colcon.colcon_core.verb:set package 'aic_mujoco' build argument 'catkin_skip_building_tests' from command line to 'False'
[0.767s] DEBUG:colcon.colcon_core.verb:Building package 'aic_mujoco' with the following arguments: {'ament_cmake_args': None, 'build_base': '/home/damien/ws_aic/src/aic/build/aic_mujoco', 'catkin_cmake_args': None, 'catkin_skip_building_tests': False, 'cmake_args': None, 'cmake_clean_cache': False, 'cmake_clean_first': False, 'cmake_force_configure': False, 'cmake_target': None, 'cmake_target_skip_unavailable': False, 'install_base': '/home/damien/ws_aic/src/aic/install/aic_mujoco', 'merge_install': False, 'path': '/home/damien/ws_aic/src/aic/aic_utils/aic_mujoco', 'symlink_install': False, 'test_result_base': None}
[0.767s] Level 5:colcon.colcon_core.verb:set package 'aic_training_utils' build argument 'cmake_args' from command line to 'None'
[0.767s] Level 5:colcon.colcon_core.verb:set package 'aic_training_utils' build argument 'cmake_target' from command line to 'None'
[0.767s] Level 5:colcon.colcon_core.verb:set package 'aic_training_utils' build argument 'cmake_target_skip_unavailable' from command line to 'False'
[0.767s] Level 5:colcon.colcon_core.verb:set package 'aic_training_utils' build argument 'cmake_clean_cache' from command line to 'False'
[0.767s] Level 5:colcon.colcon_core.verb:set package 'aic_training_utils' build argument 'cmake_clean_first' from command line to 'False'
[0.767s] Level 5:colcon.colcon_core.verb:set package 'aic_training_utils' build argument 'cmake_force_configure' from command line to 'False'
[0.767s] Level 5:colcon.colcon_core.verb:set package 'aic_training_utils' build argument 'ament_cmake_args' from command line to 'None'
[0.767s] Level 5:colcon.colcon_core.verb:set package 'aic_training_utils' build argument 'catkin_cmake_args' from command line to 'None'
[0.767s] Level 5:colcon.colcon_core.verb:set package 'aic_training_utils' build argument 'catkin_skip_building_tests' from command line to 'False'
[0.767s] DEBUG:colcon.colcon_core.verb:Building package 'aic_training_utils' with the following arguments: {'ament_cmake_args': None, 'build_base': '/home/damien/ws_aic/src/aic/build/aic_training_utils', 'catkin_cmake_args': None, 'catkin_skip_building_tests': False, 'cmake_args': None, 'cmake_clean_cache': False, 'cmake_clean_first': False, 'cmake_force_configure': False, 'cmake_target': None, 'cmake_target_skip_unavailable': False, 'install_base': '/home/damien/ws_aic/src/aic/install/aic_training_utils', 'merge_install': False, 'path': '/home/damien/ws_aic/src/aic/aic_utils/aic_training_utils', 'symlink_install': False, 'test_result_base': None}
[0.767s] INFO:colcon.colcon_core.executor:Executing jobs using 'parallel' executor
[0.768s] DEBUG:colcon.colcon_parallel_executor.executor.parallel:run_until_complete
[0.768s] INFO:colcon.colcon_ros.task.ament_cmake.build:Building ROS package in '/home/damien/ws_aic/src/aic/aic_interfaces/aic_control_interfaces' with build type 'ament_cmake'
[0.768s] INFO:colcon.colcon_cmake.task.cmake.build:Building CMake package in '/home/damien/ws_aic/src/aic/aic_interfaces/aic_control_interfaces'
[0.773s] INFO:colcon.colcon_core.plugin_system:Skipping extension 'colcon_core.shell.bat': Not used on non-Windows systems
[0.773s] INFO:colcon.colcon_core.shell:Skip shell extension 'powershell' for command environment: Not usable outside of PowerShell
[0.773s] DEBUG:colcon.colcon_core.shell:Skip shell extension 'dsv' for command environment
[0.775s] INFO:colcon.colcon_ros.task.ament_cmake.build:Building ROS package in '/home/damien/ws_aic/src/aic/aic_interfaces/aic_task_interfaces' with build type 'ament_cmake'
[0.775s] INFO:colcon.colcon_cmake.task.cmake.build:Building CMake package in '/home/damien/ws_aic/src/aic/aic_interfaces/aic_task_interfaces'
[0.776s] INFO:colcon.colcon_core.shell:Skip shell extension 'powershell' for command environment: Not usable outside of PowerShell
[0.776s] DEBUG:colcon.colcon_core.shell:Skip shell extension 'dsv' for command environment
[0.777s] INFO:colcon.colcon_ros.task.ament_cmake.build:Building ROS package in '/home/damien/ws_aic/src/aic/aic_interfaces/aic_engine_interfaces' with build type 'ament_cmake'
[0.778s] INFO:colcon.colcon_cmake.task.cmake.build:Building CMake package in '/home/damien/ws_aic/src/aic/aic_interfaces/aic_engine_interfaces'
[0.778s] INFO:colcon.colcon_core.shell:Skip shell extension 'powershell' for command environment: Not usable outside of PowerShell
[0.778s] DEBUG:colcon.colcon_core.shell:Skip shell extension 'dsv' for command environment
[0.779s] INFO:colcon.colcon_ros.task.ament_cmake.build:Building ROS package in '/home/damien/ws_aic/src/aic/aic_assets' with build type 'ament_cmake'
[0.779s] INFO:colcon.colcon_cmake.task.cmake.build:Building CMake package in '/home/damien/ws_aic/src/aic/aic_assets'
[0.780s] INFO:colcon.colcon_core.shell:Skip shell extension 'powershell' for command environment: Not usable outside of PowerShell
[0.780s] DEBUG:colcon.colcon_core.shell:Skip shell extension 'dsv' for command environment
[0.781s] INFO:colcon.colcon_ros.task.ament_cmake.build:Building ROS package in '/home/damien/ws_aic/src/aic/aic_utils/aic_training_interfaces' with build type 'ament_cmake'
[0.781s] INFO:colcon.colcon_cmake.task.cmake.build:Building CMake package in '/home/damien/ws_aic/src/aic/aic_utils/aic_training_interfaces'
[0.781s] INFO:colcon.colcon_core.shell:Skip shell extension 'powershell' for command environment: Not usable outside of PowerShell
[0.781s] DEBUG:colcon.colcon_core.shell:Skip shell extension 'dsv' for command environment
[0.783s] INFO:colcon.colcon_core.task.python.build:Building Python package in '/home/damien/ws_aic/src/aic/aic_utils/aic_isaac/aic_isaaclab/source/aic_task'
[0.783s] INFO:colcon.colcon_core.shell:Skip shell extension 'powershell' for command environment: Not usable outside of PowerShell
[0.783s] DEBUG:colcon.colcon_core.shell:Skip shell extension 'dsv' for command environment
[0.787s] DEBUG:colcon.colcon_core.event_handler.log_command:Invoking command in '/home/damien/ws_aic/src/aic/build/aic_control_interfaces': CMAKE_PREFIX_PATH=/home/damien/ws_aic/src/aic/.pixi/envs/default CONDA_PROMPT_MODIFIER=(base) DEBUGINFOD_URLS=https://debuginfod.ubuntu.com PIXI_PROMPT=(aic) PS1=(aic) (base) \[\e]0;\u@\h: \w\a\]${debian_chroot:+($debian_chroot)}\[\033[01;32m\]\u@\h\[\033[00m\]:\[\033[01;34m\]\w\[\033[00m\]\$ /home/damien/ws_aic/src/aic/.pixi/envs/default/bin/cmake /home/damien/ws_aic/src/aic/aic_interfaces/aic_control_interfaces -DCMAKE_INSTALL_PREFIX=/home/damien/ws_aic/src/aic/install/aic_control_interfaces
[0.791s] DEBUG:colcon.colcon_core.event_handler.log_command:Invoking command in '/home/damien/ws_aic/src/aic/build/aic_task_interfaces': CMAKE_PREFIX_PATH=/home/damien/ws_aic/src/aic/.pixi/envs/default CONDA_PROMPT_MODIFIER=(base) DEBUGINFOD_URLS=https://debuginfod.ubuntu.com PIXI_PROMPT=(aic) PS1=(aic) (base) \[\e]0;\u@\h: \w\a\]${debian_chroot:+($debian_chroot)}\[\033[01;32m\]\u@\h\[\033[00m\]:\[\033[01;34m\]\w\[\033[00m\]\$ /home/damien/ws_aic/src/aic/.pixi/envs/default/bin/cmake /home/damien/ws_aic/src/aic/aic_interfaces/aic_task_interfaces -DCMAKE_INSTALL_PREFIX=/home/damien/ws_aic/src/aic/install/aic_task_interfaces
[0.792s] DEBUG:colcon.colcon_core.event_handler.log_command:Invoking command in '/home/damien/ws_aic/src/aic/build/aic_engine_interfaces': CMAKE_PREFIX_PATH=/home/damien/ws_aic/src/aic/.pixi/envs/default CONDA_PROMPT_MODIFIER=(base) DEBUGINFOD_URLS=https://debuginfod.ubuntu.com PIXI_PROMPT=(aic) PS1=(aic) (base) \[\e]0;\u@\h: \w\a\]${debian_chroot:+($debian_chroot)}\[\033[01;32m\]\u@\h\[\033[00m\]:\[\033[01;34m\]\w\[\033[00m\]\$ /home/damien/ws_aic/src/aic/.pixi/envs/default/bin/cmake /home/damien/ws_aic/src/aic/aic_interfaces/aic_engine_interfaces -DCMAKE_INSTALL_PREFIX=/home/damien/ws_aic/src/aic/install/aic_engine_interfaces
[0.794s] DEBUG:colcon.colcon_core.event_handler.log_command:Invoking command in '/home/damien/ws_aic/src/aic/build/aic_assets': CMAKE_PREFIX_PATH=/home/damien/ws_aic/src/aic/.pixi/envs/default CONDA_PROMPT_MODIFIER=(base) DEBUGINFOD_URLS=https://debuginfod.ubuntu.com PIXI_PROMPT=(aic) PS1=(aic) (base) \[\e]0;\u@\h: \w\a\]${debian_chroot:+($debian_chroot)}\[\033[01;32m\]\u@\h\[\033[00m\]:\[\033[01;34m\]\w\[\033[00m\]\$ /home/damien/ws_aic/src/aic/.pixi/envs/default/bin/cmake /home/damien/ws_aic/src/aic/aic_assets -DCMAKE_INSTALL_PREFIX=/home/damien/ws_aic/src/aic/install/aic_assets
[0.797s] DEBUG:colcon.colcon_core.event_handler.log_command:Invoking command in '/home/damien/ws_aic/src/aic/build/aic_training_interfaces': CMAKE_PREFIX_PATH=/home/damien/ws_aic/src/aic/.pixi/envs/default CONDA_PROMPT_MODIFIER=(base) DEBUGINFOD_URLS=https://debuginfod.ubuntu.com PIXI_PROMPT=(aic) PS1=(aic) (base) \[\e]0;\u@\h: \w\a\]${debian_chroot:+($debian_chroot)}\[\033[01;32m\]\u@\h\[\033[00m\]:\[\033[01;34m\]\w\[\033[00m\]\$ /home/damien/ws_aic/src/aic/.pixi/envs/default/bin/cmake /home/damien/ws_aic/src/aic/aic_utils/aic_training_interfaces -DCMAKE_INSTALL_PREFIX=/home/damien/ws_aic/src/aic/install/aic_training_interfaces
[1.856s] DEBUG:colcon.colcon_core.event_handler.log_command:Invoking command in '/home/damien/ws_aic/src/aic/aic_utils/aic_isaac/aic_isaaclab/source/aic_task': CONDA_PROMPT_MODIFIER=(base) DEBUGINFOD_URLS=https://debuginfod.ubuntu.com PIXI_PROMPT=(aic) PS1=(aic) (base) \[\e]0;\u@\h: \w\a\]${debian_chroot:+($debian_chroot)}\[\033[01;32m\]\u@\h\[\033[00m\]:\[\033[01;34m\]\w\[\033[00m\]\$ PYTHONPATH=/home/damien/ws_aic/src/aic/build/aic_task/prefix_override:/usr/lib/python3/dist-packages/colcon_core/task/python/colcon_distutils_commands:/home/damien/ws_aic/src/aic/install/aic_task/lib/python3.12/site-packages:${PYTHONPATH} /usr/bin/python3 -W ignore:setup.py install is deprecated -W ignore:easy_install command is deprecated setup.py egg_info --egg-base ../../../../../build/aic_task build --build-base /home/damien/ws_aic/src/aic/build/aic_task/build install --record /home/damien/ws_aic/src/aic/build/aic_task/install.log --single-version-externally-managed
[1.902s] DEBUG:colcon.colcon_core.event_handler.log_command:Invoked command in '/home/damien/ws_aic/src/aic/build/aic_assets' returned '0': CMAKE_PREFIX_PATH=/home/damien/ws_aic/src/aic/.pixi/envs/default CONDA_PROMPT_MODIFIER=(base) DEBUGINFOD_URLS=https://debuginfod.ubuntu.com PIXI_PROMPT=(aic) PS1=(aic) (base) \[\e]0;\u@\h: \w\a\]${debian_chroot:+($debian_chroot)}\[\033[01;32m\]\u@\h\[\033[00m\]:\[\033[01;34m\]\w\[\033[00m\]\$ /home/damien/ws_aic/src/aic/.pixi/envs/default/bin/cmake /home/damien/ws_aic/src/aic/aic_assets -DCMAKE_INSTALL_PREFIX=/home/damien/ws_aic/src/aic/install/aic_assets
[1.903s] DEBUG:colcon.colcon_core.event_handler.log_command:Invoking command in '/home/damien/ws_aic/src/aic/build/aic_assets': CMAKE_PREFIX_PATH=/home/damien/ws_aic/src/aic/.pixi/envs/default CONDA_PROMPT_MODIFIER=(base) DEBUGINFOD_URLS=https://debuginfod.ubuntu.com PIXI_PROMPT=(aic) PS1=(aic) (base) \[\e]0;\u@\h: \w\a\]${debian_chroot:+($debian_chroot)}\[\033[01;32m\]\u@\h\[\033[00m\]:\[\033[01;34m\]\w\[\033[00m\]\$ /home/damien/ws_aic/src/aic/.pixi/envs/default/bin/cmake --build /home/damien/ws_aic/src/aic/build/aic_assets -- -j12 -l12
[2.008s] DEBUG:colcon.colcon_core.event_handler.log_command:Invoked command in '/home/damien/ws_aic/src/aic/build/aic_assets' returned '0': CMAKE_PREFIX_PATH=/home/damien/ws_aic/src/aic/.pixi/envs/default CONDA_PROMPT_MODIFIER=(base) DEBUGINFOD_URLS=https://debuginfod.ubuntu.com PIXI_PROMPT=(aic) PS1=(aic) (base) \[\e]0;\u@\h: \w\a\]${debian_chroot:+($debian_chroot)}\[\033[01;32m\]\u@\h\[\033[00m\]:\[\033[01;34m\]\w\[\033[00m\]\$ /home/damien/ws_aic/src/aic/.pixi/envs/default/bin/cmake --build /home/damien/ws_aic/src/aic/build/aic_assets -- -j12 -l12
[2.102s] DEBUG:colcon.colcon_core.event_handler.log_command:Invoking command in '/home/damien/ws_aic/src/aic/build/aic_assets': CMAKE_PREFIX_PATH=/home/damien/ws_aic/src/aic/.pixi/envs/default CONDA_PROMPT_MODIFIER=(base) DEBUGINFOD_URLS=https://debuginfod.ubuntu.com PIXI_PROMPT=(aic) PS1=(aic) (base) \[\e]0;\u@\h: \w\a\]${debian_chroot:+($debian_chroot)}\[\033[01;32m\]\u@\h\[\033[00m\]:\[\033[01;34m\]\w\[\033[00m\]\$ /home/damien/ws_aic/src/aic/.pixi/envs/default/bin/cmake --install /home/damien/ws_aic/src/aic/build/aic_assets
[2.399s] Level 1:colcon.colcon_core.environment:create_environment_scripts_only(aic_assets)
[2.400s] DEBUG:colcon.colcon_core.event_handler.log_command:Invoked command in '/home/damien/ws_aic/src/aic/build/aic_assets' returned '0': CMAKE_PREFIX_PATH=/home/damien/ws_aic/src/aic/.pixi/envs/default CONDA_PROMPT_MODIFIER=(base) DEBUGINFOD_URLS=https://debuginfod.ubuntu.com PIXI_PROMPT=(aic) PS1=(aic) (base) \[\e]0;\u@\h: \w\a\]${debian_chroot:+($debian_chroot)}\[\033[01;32m\]\u@\h\[\033[00m\]:\[\033[01;34m\]\w\[\033[00m\]\$ /home/damien/ws_aic/src/aic/.pixi/envs/default/bin/cmake --install /home/damien/ws_aic/src/aic/build/aic_assets
[2.406s] Level 1:colcon.colcon_core.environment:checking '/home/damien/ws_aic/src/aic/install/aic_assets' for CMake module files
[2.407s] Level 1:colcon.colcon_core.environment:checking '/home/damien/ws_aic/src/aic/install/aic_assets' for CMake config files
[2.407s] Level 1:colcon.colcon_core.shell:create_environment_hook('aic_assets', 'cmake_prefix_path')
[2.408s] INFO:colcon.colcon_core.shell:Creating environment hook '/home/damien/ws_aic/src/aic/install/aic_assets/share/aic_assets/hook/cmake_prefix_path.ps1'
[2.409s] INFO:colcon.colcon_core.shell:Creating environment descriptor '/home/damien/ws_aic/src/aic/install/aic_assets/share/aic_assets/hook/cmake_prefix_path.dsv'
[2.409s] INFO:colcon.colcon_core.shell:Creating environment hook '/home/damien/ws_aic/src/aic/install/aic_assets/share/aic_assets/hook/cmake_prefix_path.sh'
[2.411s] Level 1:colcon.colcon_core.environment:checking '/home/damien/ws_aic/src/aic/install/aic_assets/bin'
[2.411s] Level 1:colcon.colcon_core.environment:checking '/home/damien/ws_aic/src/aic/install/aic_assets/lib/pkgconfig/aic_assets.pc'
[2.411s] Level 1:colcon.colcon_core.environment:checking '/home/damien/ws_aic/src/aic/install/aic_assets/lib/python3.12/site-packages'
[2.412s] Level 1:colcon.colcon_core.environment:checking '/home/damien/ws_aic/src/aic/install/aic_assets/bin'
[2.412s] INFO:colcon.colcon_core.shell:Creating package script '/home/damien/ws_aic/src/aic/install/aic_assets/share/aic_assets/package.ps1'
[2.414s] INFO:colcon.colcon_core.shell:Creating package descriptor '/home/damien/ws_aic/src/aic/install/aic_assets/share/aic_assets/package.dsv'
[2.415s] INFO:colcon.colcon_core.shell:Creating package script '/home/damien/ws_aic/src/aic/install/aic_assets/share/aic_assets/package.sh'
[2.416s] INFO:colcon.colcon_core.shell:Creating package script '/home/damien/ws_aic/src/aic/install/aic_assets/share/aic_assets/package.bash'
[2.417s] INFO:colcon.colcon_core.shell:Creating package script '/home/damien/ws_aic/src/aic/install/aic_assets/share/aic_assets/package.zsh'
[2.418s] Level 1:colcon.colcon_core.environment:create_file_with_runtime_dependencies(/home/damien/ws_aic/src/aic/install/aic_assets/share/colcon-core/packages/aic_assets)
[2.419s] Level 1:colcon.colcon_core.environment:create_environment_scripts_only(aic_assets)
[2.419s] Level 1:colcon.colcon_core.environment:checking '/home/damien/ws_aic/src/aic/install/aic_assets' for CMake module files
[2.420s] Level 1:colcon.colcon_core.environment:checking '/home/damien/ws_aic/src/aic/install/aic_assets' for CMake config files
[2.421s] Level 1:colcon.colcon_core.shell:create_environment_hook('aic_assets', 'cmake_prefix_path')
[2.421s] INFO:colcon.colcon_core.shell:Creating environment hook '/home/damien/ws_aic/src/aic/install/aic_assets/share/aic_assets/hook/cmake_prefix_path.ps1'
[2.422s] INFO:colcon.colcon_core.shell:Creating environment descriptor '/home/damien/ws_aic/src/aic/install/aic_assets/share/aic_assets/hook/cmake_prefix_path.dsv'
[2.422s] INFO:colcon.colcon_core.shell:Creating environment hook '/home/damien/ws_aic/src/aic/install/aic_assets/share/aic_assets/hook/cmake_prefix_path.sh'
[2.423s] Level 1:colcon.colcon_core.environment:checking '/home/damien/ws_aic/src/aic/install/aic_assets/bin'
[2.423s] Level 1:colcon.colcon_core.environment:checking '/home/damien/ws_aic/src/aic/install/aic_assets/lib/pkgconfig/aic_assets.pc'
[2.423s] Level 1:colcon.colcon_core.environment:checking '/home/damien/ws_aic/src/aic/install/aic_assets/lib/python3.12/site-packages'
[2.424s] Level 1:colcon.colcon_core.environment:checking '/home/damien/ws_aic/src/aic/install/aic_assets/bin'
[2.424s] INFO:colcon.colcon_core.shell:Creating package script '/home/damien/ws_aic/src/aic/install/aic_assets/share/aic_assets/package.ps1'
[2.425s] INFO:colcon.colcon_core.shell:Creating package descriptor '/home/damien/ws_aic/src/aic/install/aic_assets/share/aic_assets/package.dsv'
[2.426s] INFO:colcon.colcon_core.shell:Creating package script '/home/damien/ws_aic/src/aic/install/aic_assets/share/aic_assets/package.sh'
[2.426s] INFO:colcon.colcon_core.shell:Creating package script '/home/damien/ws_aic/src/aic/install/aic_assets/share/aic_assets/package.bash'
[2.427s] INFO:colcon.colcon_core.shell:Creating package script '/home/damien/ws_aic/src/aic/install/aic_assets/share/aic_assets/package.zsh'
[2.427s] Level 1:colcon.colcon_core.environment:create_file_with_runtime_dependencies(/home/damien/ws_aic/src/aic/install/aic_assets/share/colcon-core/packages/aic_assets)
[2.522s] Level 1:colcon.colcon_core.environment:checking '/home/damien/ws_aic/src/aic/install/aic_task' for CMake module files
[2.522s] DEBUG:colcon.colcon_core.event_handler.log_command:Invoked command in '/home/damien/ws_aic/src/aic/aic_utils/aic_isaac/aic_isaaclab/source/aic_task' returned '0': CONDA_PROMPT_MODIFIER=(base) DEBUGINFOD_URLS=https://debuginfod.ubuntu.com PIXI_PROMPT=(aic) PS1=(aic) (base) \[\e]0;\u@\h: \w\a\]${debian_chroot:+($debian_chroot)}\[\033[01;32m\]\u@\h\[\033[00m\]:\[\033[01;34m\]\w\[\033[00m\]\$ PYTHONPATH=/home/damien/ws_aic/src/aic/build/aic_task/prefix_override:/usr/lib/python3/dist-packages/colcon_core/task/python/colcon_distutils_commands:/home/damien/ws_aic/src/aic/install/aic_task/lib/python3.12/site-packages:${PYTHONPATH} /usr/bin/python3 -W ignore:setup.py install is deprecated -W ignore:easy_install command is deprecated setup.py egg_info --egg-base ../../../../../build/aic_task build --build-base /home/damien/ws_aic/src/aic/build/aic_task/build install --record /home/damien/ws_aic/src/aic/build/aic_task/install.log --single-version-externally-managed
[2.523s] Level 1:colcon.colcon_core.environment:checking '/home/damien/ws_aic/src/aic/install/aic_task' for CMake config files
[2.523s] Level 1:colcon.colcon_core.environment:checking '/home/damien/ws_aic/src/aic/install/aic_task/lib'
[2.524s] Level 1:colcon.colcon_core.environment:checking '/home/damien/ws_aic/src/aic/install/aic_task/bin'
[2.524s] Level 1:colcon.colcon_core.environment:checking '/home/damien/ws_aic/src/aic/install/aic_task/lib/pkgconfig/aic_task.pc'
[2.524s] Level 1:colcon.colcon_core.environment:checking '/home/damien/ws_aic/src/aic/install/aic_task/lib/python3.12/site-packages'
[2.524s] Level 1:colcon.colcon_core.shell:create_environment_hook('aic_task', 'pythonpath')
[2.525s] INFO:colcon.colcon_core.shell:Creating environment hook '/home/damien/ws_aic/src/aic/install/aic_task/share/aic_task/hook/pythonpath.ps1'
[2.525s] INFO:colcon.colcon_core.shell:Creating environment descriptor '/home/damien/ws_aic/src/aic/install/aic_task/share/aic_task/hook/pythonpath.dsv'
[2.526s] INFO:colcon.colcon_core.shell:Creating environment hook '/home/damien/ws_aic/src/aic/install/aic_task/share/aic_task/hook/pythonpath.sh'
[2.527s] Level 1:colcon.colcon_core.environment:checking '/home/damien/ws_aic/src/aic/install/aic_task/bin'
[2.527s] Level 1:colcon.colcon_core.environment:create_environment_scripts_only(aic_task)
[2.527s] INFO:colcon.colcon_core.shell:Creating package script '/home/damien/ws_aic/src/aic/install/aic_task/share/aic_task/package.ps1'
[2.528s] INFO:colcon.colcon_core.shell:Creating package descriptor '/home/damien/ws_aic/src/aic/install/aic_task/share/aic_task/package.dsv'
[2.529s] INFO:colcon.colcon_core.shell:Creating package script '/home/damien/ws_aic/src/aic/install/aic_task/share/aic_task/package.sh'
[2.529s] INFO:colcon.colcon_core.shell:Creating package script '/home/damien/ws_aic/src/aic/install/aic_task/share/aic_task/package.bash'
[2.529s] INFO:colcon.colcon_core.shell:Creating package script '/home/damien/ws_aic/src/aic/install/aic_task/share/aic_task/package.zsh'
[2.530s] Level 1:colcon.colcon_core.environment:create_file_with_runtime_dependencies(/home/damien/ws_aic/src/aic/install/aic_task/share/colcon-core/packages/aic_task)
[4.060s] DEBUG:colcon.colcon_core.event_handler.log_command:Invoked command in '/home/damien/ws_aic/src/aic/build/aic_training_interfaces' returned '0': CMAKE_PREFIX_PATH=/home/damien/ws_aic/src/aic/.pixi/envs/default CONDA_PROMPT_MODIFIER=(base) DEBUGINFOD_URLS=https://debuginfod.ubuntu.com PIXI_PROMPT=(aic) PS1=(aic) (base) \[\e]0;\u@\h: \w\a\]${debian_chroot:+($debian_chroot)}\[\033[01;32m\]\u@\h\[\033[00m\]:\[\033[01;34m\]\w\[\033[00m\]\$ /home/damien/ws_aic/src/aic/.pixi/envs/default/bin/cmake /home/damien/ws_aic/src/aic/aic_utils/aic_training_interfaces -DCMAKE_INSTALL_PREFIX=/home/damien/ws_aic/src/aic/install/aic_training_interfaces
[4.061s] DEBUG:colcon.colcon_core.event_handler.log_command:Invoking command in '/home/damien/ws_aic/src/aic/build/aic_training_interfaces': CMAKE_PREFIX_PATH=/home/damien/ws_aic/src/aic/.pixi/envs/default CONDA_PROMPT_MODIFIER=(base) DEBUGINFOD_URLS=https://debuginfod.ubuntu.com PIXI_PROMPT=(aic) PS1=(aic) (base) \[\e]0;\u@\h: \w\a\]${debian_chroot:+($debian_chroot)}\[\033[01;32m\]\u@\h\[\033[00m\]:\[\033[01;34m\]\w\[\033[00m\]\$ /home/damien/ws_aic/src/aic/.pixi/envs/default/bin/cmake --build /home/damien/ws_aic/src/aic/build/aic_training_interfaces -- -j12 -l12
[4.078s] DEBUG:colcon.colcon_core.event_handler.log_command:Invoked command in '/home/damien/ws_aic/src/aic/build/aic_task_interfaces' returned '0': CMAKE_PREFIX_PATH=/home/damien/ws_aic/src/aic/.pixi/envs/default CONDA_PROMPT_MODIFIER=(base) DEBUGINFOD_URLS=https://debuginfod.ubuntu.com PIXI_PROMPT=(aic) PS1=(aic) (base) \[\e]0;\u@\h: \w\a\]${debian_chroot:+($debian_chroot)}\[\033[01;32m\]\u@\h\[\033[00m\]:\[\033[01;34m\]\w\[\033[00m\]\$ /home/damien/ws_aic/src/aic/.pixi/envs/default/bin/cmake /home/damien/ws_aic/src/aic/aic_interfaces/aic_task_interfaces -DCMAKE_INSTALL_PREFIX=/home/damien/ws_aic/src/aic/install/aic_task_interfaces
[4.079s] DEBUG:colcon.colcon_core.event_handler.log_command:Invoking command in '/home/damien/ws_aic/src/aic/build/aic_task_interfaces': CMAKE_PREFIX_PATH=/home/damien/ws_aic/src/aic/.pixi/envs/default CONDA_PROMPT_MODIFIER=(base) DEBUGINFOD_URLS=https://debuginfod.ubuntu.com PIXI_PROMPT=(aic) PS1=(aic) (base) \[\e]0;\u@\h: \w\a\]${debian_chroot:+($debian_chroot)}\[\033[01;32m\]\u@\h\[\033[00m\]:\[\033[01;34m\]\w\[\033[00m\]\$ /home/damien/ws_aic/src/aic/.pixi/envs/default/bin/cmake --build /home/damien/ws_aic/src/aic/build/aic_task_interfaces -- -j12 -l12
[4.089s] DEBUG:colcon.colcon_core.event_handler.log_command:Invoked command in '/home/damien/ws_aic/src/aic/build/aic_engine_interfaces' returned '0': CMAKE_PREFIX_PATH=/home/damien/ws_aic/src/aic/.pixi/envs/default CONDA_PROMPT_MODIFIER=(base) DEBUGINFOD_URLS=https://debuginfod.ubuntu.com PIXI_PROMPT=(aic) PS1=(aic) (base) \[\e]0;\u@\h: \w\a\]${debian_chroot:+($debian_chroot)}\[\033[01;32m\]\u@\h\[\033[00m\]:\[\033[01;34m\]\w\[\033[00m\]\$ /home/damien/ws_aic/src/aic/.pixi/envs/default/bin/cmake /home/damien/ws_aic/src/aic/aic_interfaces/aic_engine_interfaces -DCMAKE_INSTALL_PREFIX=/home/damien/ws_aic/src/aic/install/aic_engine_interfaces
[4.090s] DEBUG:colcon.colcon_core.event_handler.log_command:Invoking command in '/home/damien/ws_aic/src/aic/build/aic_engine_interfaces': CMAKE_PREFIX_PATH=/home/damien/ws_aic/src/aic/.pixi/envs/default CONDA_PROMPT_MODIFIER=(base) DEBUGINFOD_URLS=https://debuginfod.ubuntu.com PIXI_PROMPT=(aic) PS1=(aic) (base) \[\e]0;\u@\h: \w\a\]${debian_chroot:+($debian_chroot)}\[\033[01;32m\]\u@\h\[\033[00m\]:\[\033[01;34m\]\w\[\033[00m\]\$ /home/damien/ws_aic/src/aic/.pixi/envs/default/bin/cmake --build /home/damien/ws_aic/src/aic/build/aic_engine_interfaces -- -j12 -l12
[4.495s] DEBUG:colcon.colcon_core.event_handler.log_command:Invoked command in '/home/damien/ws_aic/src/aic/build/aic_control_interfaces' returned '0': CMAKE_PREFIX_PATH=/home/damien/ws_aic/src/aic/.pixi/envs/default CONDA_PROMPT_MODIFIER=(base) DEBUGINFOD_URLS=https://debuginfod.ubuntu.com PIXI_PROMPT=(aic) PS1=(aic) (base) \[\e]0;\u@\h: \w\a\]${debian_chroot:+($debian_chroot)}\[\033[01;32m\]\u@\h\[\033[00m\]:\[\033[01;34m\]\w\[\033[00m\]\$ /home/damien/ws_aic/src/aic/.pixi/envs/default/bin/cmake /home/damien/ws_aic/src/aic/aic_interfaces/aic_control_interfaces -DCMAKE_INSTALL_PREFIX=/home/damien/ws_aic/src/aic/install/aic_control_interfaces
[4.499s] DEBUG:colcon.colcon_core.event_handler.log_command:Invoking command in '/home/damien/ws_aic/src/aic/build/aic_control_interfaces': CMAKE_PREFIX_PATH=/home/damien/ws_aic/src/aic/.pixi/envs/default CONDA_PROMPT_MODIFIER=(base) DEBUGINFOD_URLS=https://debuginfod.ubuntu.com PIXI_PROMPT=(aic) PS1=(aic) (base) \[\e]0;\u@\h: \w\a\]${debian_chroot:+($debian_chroot)}\[\033[01;32m\]\u@\h\[\033[00m\]:\[\033[01;34m\]\w\[\033[00m\]\$ /home/damien/ws_aic/src/aic/.pixi/envs/default/bin/cmake --build /home/damien/ws_aic/src/aic/build/aic_control_interfaces -- -j12 -l12
[8.625s] DEBUG:colcon.colcon_core.event_handler.log_command:Invoked command in '/home/damien/ws_aic/src/aic/build/aic_engine_interfaces' returned '0': CMAKE_PREFIX_PATH=/home/damien/ws_aic/src/aic/.pixi/envs/default CONDA_PROMPT_MODIFIER=(base) DEBUGINFOD_URLS=https://debuginfod.ubuntu.com PIXI_PROMPT=(aic) PS1=(aic) (base) \[\e]0;\u@\h: \w\a\]${debian_chroot:+($debian_chroot)}\[\033[01;32m\]\u@\h\[\033[00m\]:\[\033[01;34m\]\w\[\033[00m\]\$ /home/damien/ws_aic/src/aic/.pixi/envs/default/bin/cmake --build /home/damien/ws_aic/src/aic/build/aic_engine_interfaces -- -j12 -l12
[8.626s] DEBUG:colcon.colcon_core.event_handler.log_command:Invoking command in '/home/damien/ws_aic/src/aic/build/aic_engine_interfaces': CMAKE_PREFIX_PATH=/home/damien/ws_aic/src/aic/.pixi/envs/default CONDA_PROMPT_MODIFIER=(base) DEBUGINFOD_URLS=https://debuginfod.ubuntu.com PIXI_PROMPT=(aic) PS1=(aic) (base) \[\e]0;\u@\h: \w\a\]${debian_chroot:+($debian_chroot)}\[\033[01;32m\]\u@\h\[\033[00m\]:\[\033[01;34m\]\w\[\033[00m\]\$ /home/damien/ws_aic/src/aic/.pixi/envs/default/bin/cmake --install /home/damien/ws_aic/src/aic/build/aic_engine_interfaces
[8.730s] DEBUG:colcon.colcon_core.event_handler.log_command:Invoked command in '/home/damien/ws_aic/src/aic/build/aic_training_interfaces' returned '0': CMAKE_PREFIX_PATH=/home/damien/ws_aic/src/aic/.pixi/envs/default CONDA_PROMPT_MODIFIER=(base) DEBUGINFOD_URLS=https://debuginfod.ubuntu.com PIXI_PROMPT=(aic) PS1=(aic) (base) \[\e]0;\u@\h: \w\a\]${debian_chroot:+($debian_chroot)}\[\033[01;32m\]\u@\h\[\033[00m\]:\[\033[01;34m\]\w\[\033[00m\]\$ /home/damien/ws_aic/src/aic/.pixi/envs/default/bin/cmake --build /home/damien/ws_aic/src/aic/build/aic_training_interfaces -- -j12 -l12
[8.731s] DEBUG:colcon.colcon_core.event_handler.log_command:Invoking command in '/home/damien/ws_aic/src/aic/build/aic_training_interfaces': CMAKE_PREFIX_PATH=/home/damien/ws_aic/src/aic/.pixi/envs/default CONDA_PROMPT_MODIFIER=(base) DEBUGINFOD_URLS=https://debuginfod.ubuntu.com PIXI_PROMPT=(aic) PS1=(aic) (base) \[\e]0;\u@\h: \w\a\]${debian_chroot:+($debian_chroot)}\[\033[01;32m\]\u@\h\[\033[00m\]:\[\033[01;34m\]\w\[\033[00m\]\$ /home/damien/ws_aic/src/aic/.pixi/envs/default/bin/cmake --install /home/damien/ws_aic/src/aic/build/aic_training_interfaces
[9.129s] Level 1:colcon.colcon_core.environment:create_environment_scripts_only(aic_engine_interfaces)
[9.129s] Level 1:colcon.colcon_core.environment:checking '/home/damien/ws_aic/src/aic/install/aic_engine_interfaces' for CMake module files
[9.130s] Level 1:colcon.colcon_core.environment:checking '/home/damien/ws_aic/src/aic/install/aic_engine_interfaces' for CMake config files
[9.130s] Level 1:colcon.colcon_core.shell:create_environment_hook('aic_engine_interfaces', 'cmake_prefix_path')
[9.130s] INFO:colcon.colcon_core.shell:Creating environment hook '/home/damien/ws_aic/src/aic/install/aic_engine_interfaces/share/aic_engine_interfaces/hook/cmake_prefix_path.ps1'
[9.131s] DEBUG:colcon.colcon_core.event_handler.log_command:Invoked command in '/home/damien/ws_aic/src/aic/build/aic_engine_interfaces' returned '0': CMAKE_PREFIX_PATH=/home/damien/ws_aic/src/aic/.pixi/envs/default CONDA_PROMPT_MODIFIER=(base) DEBUGINFOD_URLS=https://debuginfod.ubuntu.com PIXI_PROMPT=(aic) PS1=(aic) (base) \[\e]0;\u@\h: \w\a\]${debian_chroot:+($debian_chroot)}\[\033[01;32m\]\u@\h\[\033[00m\]:\[\033[01;34m\]\w\[\033[00m\]\$ /home/damien/ws_aic/src/aic/.pixi/envs/default/bin/cmake --install /home/damien/ws_aic/src/aic/build/aic_engine_interfaces
[9.133s] INFO:colcon.colcon_core.shell:Creating environment descriptor '/home/damien/ws_aic/src/aic/install/aic_engine_interfaces/share/aic_engine_interfaces/hook/cmake_prefix_path.dsv'
[9.134s] INFO:colcon.colcon_core.shell:Creating environment hook '/home/damien/ws_aic/src/aic/install/aic_engine_interfaces/share/aic_engine_interfaces/hook/cmake_prefix_path.sh'
[9.135s] Level 1:colcon.colcon_core.environment:checking '/home/damien/ws_aic/src/aic/install/aic_engine_interfaces/lib'
[9.138s] Level 1:colcon.colcon_core.shell:create_environment_hook('aic_engine_interfaces', 'ld_library_path_lib')
[9.138s] INFO:colcon.colcon_core.shell:Creating environment hook '/home/damien/ws_aic/src/aic/install/aic_engine_interfaces/share/aic_engine_interfaces/hook/ld_library_path_lib.ps1'
[9.139s] INFO:colcon.colcon_core.shell:Creating environment descriptor '/home/damien/ws_aic/src/aic/install/aic_engine_interfaces/share/aic_engine_interfaces/hook/ld_library_path_lib.dsv'
[9.139s] INFO:colcon.colcon_core.shell:Creating environment hook '/home/damien/ws_aic/src/aic/install/aic_engine_interfaces/share/aic_engine_interfaces/hook/ld_library_path_lib.sh'
[9.140s] Level 1:colcon.colcon_core.environment:checking '/home/damien/ws_aic/src/aic/install/aic_engine_interfaces/bin'
[9.140s] Level 1:colcon.colcon_core.environment:checking '/home/damien/ws_aic/src/aic/install/aic_engine_interfaces/lib/pkgconfig/aic_engine_interfaces.pc'
[9.140s] Level 1:colcon.colcon_core.environment:checking '/home/damien/ws_aic/src/aic/install/aic_engine_interfaces/lib/python3.12/site-packages'
[9.140s] Level 1:colcon.colcon_core.shell:create_environment_hook('aic_engine_interfaces', 'pythonpath')
[9.141s] INFO:colcon.colcon_core.shell:Creating environment hook '/home/damien/ws_aic/src/aic/install/aic_engine_interfaces/share/aic_engine_interfaces/hook/pythonpath.ps1'
[9.145s] INFO:colcon.colcon_core.shell:Creating environment descriptor '/home/damien/ws_aic/src/aic/install/aic_engine_interfaces/share/aic_engine_interfaces/hook/pythonpath.dsv'
[9.145s] INFO:colcon.colcon_core.shell:Creating environment hook '/home/damien/ws_aic/src/aic/install/aic_engine_interfaces/share/aic_engine_interfaces/hook/pythonpath.sh'
[9.146s] Level 1:colcon.colcon_core.environment:checking '/home/damien/ws_aic/src/aic/install/aic_engine_interfaces/bin'
[9.146s] INFO:colcon.colcon_core.shell:Creating package script '/home/damien/ws_aic/src/aic/install/aic_engine_interfaces/share/aic_engine_interfaces/package.ps1'
[9.151s] INFO:colcon.colcon_core.shell:Creating package descriptor '/home/damien/ws_aic/src/aic/install/aic_engine_interfaces/share/aic_engine_interfaces/package.dsv'
[9.152s] INFO:colcon.colcon_core.shell:Creating package script '/home/damien/ws_aic/src/aic/install/aic_engine_interfaces/share/aic_engine_interfaces/package.sh'
[9.153s] INFO:colcon.colcon_core.shell:Creating package script '/home/damien/ws_aic/src/aic/install/aic_engine_interfaces/share/aic_engine_interfaces/package.bash'
[9.154s] INFO:colcon.colcon_core.shell:Creating package script '/home/damien/ws_aic/src/aic/install/aic_engine_interfaces/share/aic_engine_interfaces/package.zsh'
[9.154s] Level 1:colcon.colcon_core.environment:create_file_with_runtime_dependencies(/home/damien/ws_aic/src/aic/install/aic_engine_interfaces/share/colcon-core/packages/aic_engine_interfaces)
[9.155s] Level 1:colcon.colcon_core.environment:create_environment_scripts_only(aic_engine_interfaces)
[9.155s] Level 1:colcon.colcon_core.environment:checking '/home/damien/ws_aic/src/aic/install/aic_engine_interfaces' for CMake module files
[9.160s] Level 1:colcon.colcon_core.environment:checking '/home/damien/ws_aic/src/aic/install/aic_engine_interfaces' for CMake config files
[9.161s] Level 1:colcon.colcon_core.shell:create_environment_hook('aic_engine_interfaces', 'cmake_prefix_path')
[9.161s] INFO:colcon.colcon_core.shell:Creating environment hook '/home/damien/ws_aic/src/aic/install/aic_engine_interfaces/share/aic_engine_interfaces/hook/cmake_prefix_path.ps1'
[9.162s] INFO:colcon.colcon_core.shell:Creating environment descriptor '/home/damien/ws_aic/src/aic/install/aic_engine_interfaces/share/aic_engine_interfaces/hook/cmake_prefix_path.dsv'
[9.162s] INFO:colcon.colcon_core.shell:Creating environment hook '/home/damien/ws_aic/src/aic/install/aic_engine_interfaces/share/aic_engine_interfaces/hook/cmake_prefix_path.sh'
[9.164s] Level 1:colcon.colcon_core.environment:checking '/home/damien/ws_aic/src/aic/install/aic_engine_interfaces/lib'
[9.165s] Level 1:colcon.colcon_core.shell:create_environment_hook('aic_engine_interfaces', 'ld_library_path_lib')
[9.165s] INFO:colcon.colcon_core.shell:Creating environment hook '/home/damien/ws_aic/src/aic/install/aic_engine_interfaces/share/aic_engine_interfaces/hook/ld_library_path_lib.ps1'
[9.166s] INFO:colcon.colcon_core.shell:Creating environment descriptor '/home/damien/ws_aic/src/aic/install/aic_engine_interfaces/share/aic_engine_interfaces/hook/ld_library_path_lib.dsv'
[9.167s] INFO:colcon.colcon_core.shell:Creating environment hook '/home/damien/ws_aic/src/aic/install/aic_engine_interfaces/share/aic_engine_interfaces/hook/ld_library_path_lib.sh'
[9.168s] Level 1:colcon.colcon_core.environment:checking '/home/damien/ws_aic/src/aic/install/aic_engine_interfaces/bin'
[9.168s] Level 1:colcon.colcon_core.environment:checking '/home/damien/ws_aic/src/aic/install/aic_engine_interfaces/lib/pkgconfig/aic_engine_interfaces.pc'
[9.168s] Level 1:colcon.colcon_core.environment:checking '/home/damien/ws_aic/src/aic/install/aic_engine_interfaces/lib/python3.12/site-packages'
[9.169s] Level 1:colcon.colcon_core.shell:create_environment_hook('aic_engine_interfaces', 'pythonpath')
[9.170s] INFO:colcon.colcon_core.shell:Creating environment hook '/home/damien/ws_aic/src/aic/install/aic_engine_interfaces/share/aic_engine_interfaces/hook/pythonpath.ps1'
[9.171s] INFO:colcon.colcon_core.shell:Creating environment descriptor '/home/damien/ws_aic/src/aic/install/aic_engine_interfaces/share/aic_engine_interfaces/hook/pythonpath.dsv'
[9.172s] INFO:colcon.colcon_core.shell:Creating environment hook '/home/damien/ws_aic/src/aic/install/aic_engine_interfaces/share/aic_engine_interfaces/hook/pythonpath.sh'
[9.173s] Level 1:colcon.colcon_core.environment:checking '/home/damien/ws_aic/src/aic/install/aic_engine_interfaces/bin'
[9.174s] INFO:colcon.colcon_core.shell:Creating package script '/home/damien/ws_aic/src/aic/install/aic_engine_interfaces/share/aic_engine_interfaces/package.ps1'
[9.175s] INFO:colcon.colcon_core.shell:Creating package descriptor '/home/damien/ws_aic/src/aic/install/aic_engine_interfaces/share/aic_engine_interfaces/package.dsv'
[9.179s] INFO:colcon.colcon_core.shell:Creating package script '/home/damien/ws_aic/src/aic/install/aic_engine_interfaces/share/aic_engine_interfaces/package.sh'
[9.180s] INFO:colcon.colcon_core.shell:Creating package script '/home/damien/ws_aic/src/aic/install/aic_engine_interfaces/share/aic_engine_interfaces/package.bash'
[9.181s] INFO:colcon.colcon_core.shell:Creating package script '/home/damien/ws_aic/src/aic/install/aic_engine_interfaces/share/aic_engine_interfaces/package.zsh'
[9.181s] Level 1:colcon.colcon_core.environment:create_file_with_runtime_dependencies(/home/damien/ws_aic/src/aic/install/aic_engine_interfaces/share/colcon-core/packages/aic_engine_interfaces)
[9.183s] INFO:colcon.colcon_ros.task.ament_cmake.build:Building ROS package in '/home/damien/ws_aic/src/aic/aic_gazebo' with build type 'ament_cmake'
[9.183s] INFO:colcon.colcon_cmake.task.cmake.build:Building CMake package in '/home/damien/ws_aic/src/aic/aic_gazebo'
[9.183s] INFO:colcon.colcon_core.shell:Skip shell extension 'powershell' for command environment: Not usable outside of PowerShell
[9.184s] DEBUG:colcon.colcon_core.shell:Skip shell extension 'dsv' for command environment
[9.188s] Level 1:colcon.colcon_core.environment:create_environment_scripts_only(aic_training_interfaces)
[9.188s] DEBUG:colcon.colcon_core.event_handler.log_command:Invoked command in '/home/damien/ws_aic/src/aic/build/aic_training_interfaces' returned '0': CMAKE_PREFIX_PATH=/home/damien/ws_aic/src/aic/.pixi/envs/default CONDA_PROMPT_MODIFIER=(base) DEBUGINFOD_URLS=https://debuginfod.ubuntu.com PIXI_PROMPT=(aic) PS1=(aic) (base) \[\e]0;\u@\h: \w\a\]${debian_chroot:+($debian_chroot)}\[\033[01;32m\]\u@\h\[\033[00m\]:\[\033[01;34m\]\w\[\033[00m\]\$ /home/damien/ws_aic/src/aic/.pixi/envs/default/bin/cmake --install /home/damien/ws_aic/src/aic/build/aic_training_interfaces
[9.189s] Level 1:colcon.colcon_core.environment:checking '/home/damien/ws_aic/src/aic/install/aic_training_interfaces' for CMake module files
[9.190s] Level 1:colcon.colcon_core.environment:checking '/home/damien/ws_aic/src/aic/install/aic_training_interfaces' for CMake config files
[9.190s] Level 1:colcon.colcon_core.shell:create_environment_hook('aic_training_interfaces', 'cmake_prefix_path')
[9.191s] INFO:colcon.colcon_core.shell:Creating environment hook '/home/damien/ws_aic/src/aic/install/aic_training_interfaces/share/aic_training_interfaces/hook/cmake_prefix_path.ps1'
[9.192s] INFO:colcon.colcon_core.shell:Creating environment descriptor '/home/damien/ws_aic/src/aic/install/aic_training_interfaces/share/aic_training_interfaces/hook/cmake_prefix_path.dsv'
[9.192s] INFO:colcon.colcon_core.shell:Creating environment hook '/home/damien/ws_aic/src/aic/install/aic_training_interfaces/share/aic_training_interfaces/hook/cmake_prefix_path.sh'
[9.193s] Level 1:colcon.colcon_core.environment:checking '/home/damien/ws_aic/src/aic/install/aic_training_interfaces/lib'
[9.193s] Level 1:colcon.colcon_core.shell:create_environment_hook('aic_training_interfaces', 'ld_library_path_lib')
[9.194s] INFO:colcon.colcon_core.shell:Creating environment hook '/home/damien/ws_aic/src/aic/install/aic_training_interfaces/share/aic_training_interfaces/hook/ld_library_path_lib.ps1'
[9.194s] INFO:colcon.colcon_core.shell:Creating environment descriptor '/home/damien/ws_aic/src/aic/install/aic_training_interfaces/share/aic_training_interfaces/hook/ld_library_path_lib.dsv'
[9.195s] INFO:colcon.colcon_core.shell:Creating environment hook '/home/damien/ws_aic/src/aic/install/aic_training_interfaces/share/aic_training_interfaces/hook/ld_library_path_lib.sh'
[9.195s] Level 1:colcon.colcon_core.environment:checking '/home/damien/ws_aic/src/aic/install/aic_training_interfaces/bin'
[9.195s] Level 1:colcon.colcon_core.environment:checking '/home/damien/ws_aic/src/aic/install/aic_training_interfaces/lib/pkgconfig/aic_training_interfaces.pc'
[9.196s] Level 1:colcon.colcon_core.environment:checking '/home/damien/ws_aic/src/aic/install/aic_training_interfaces/lib/python3.12/site-packages'
[9.196s] Level 1:colcon.colcon_core.shell:create_environment_hook('aic_training_interfaces', 'pythonpath')
[9.196s] INFO:colcon.colcon_core.shell:Creating environment hook '/home/damien/ws_aic/src/aic/install/aic_training_interfaces/share/aic_training_interfaces/hook/pythonpath.ps1'
[9.198s] INFO:colcon.colcon_core.shell:Creating environment descriptor '/home/damien/ws_aic/src/aic/install/aic_training_interfaces/share/aic_training_interfaces/hook/pythonpath.dsv'
[9.198s] INFO:colcon.colcon_core.shell:Creating environment hook '/home/damien/ws_aic/src/aic/install/aic_training_interfaces/share/aic_training_interfaces/hook/pythonpath.sh'
[9.199s] Level 1:colcon.colcon_core.environment:checking '/home/damien/ws_aic/src/aic/install/aic_training_interfaces/bin'
[9.200s] INFO:colcon.colcon_core.shell:Creating package script '/home/damien/ws_aic/src/aic/install/aic_training_interfaces/share/aic_training_interfaces/package.ps1'
[9.201s] INFO:colcon.colcon_core.shell:Creating package descriptor '/home/damien/ws_aic/src/aic/install/aic_training_interfaces/share/aic_training_interfaces/package.dsv'
[9.202s] INFO:colcon.colcon_core.shell:Creating package script '/home/damien/ws_aic/src/aic/install/aic_training_interfaces/share/aic_training_interfaces/package.sh'
[9.202s] INFO:colcon.colcon_core.shell:Creating package script '/home/damien/ws_aic/src/aic/install/aic_training_interfaces/share/aic_training_interfaces/package.bash'
[9.203s] INFO:colcon.colcon_core.shell:Creating package script '/home/damien/ws_aic/src/aic/install/aic_training_interfaces/share/aic_training_interfaces/package.zsh'
[9.203s] Level 1:colcon.colcon_core.environment:create_file_with_runtime_dependencies(/home/damien/ws_aic/src/aic/install/aic_training_interfaces/share/colcon-core/packages/aic_training_interfaces)
[9.204s] Level 1:colcon.colcon_core.environment:create_environment_scripts_only(aic_training_interfaces)
[9.205s] Level 1:colcon.colcon_core.environment:checking '/home/damien/ws_aic/src/aic/install/aic_training_interfaces' for CMake module files
[9.206s] Level 1:colcon.colcon_core.environment:checking '/home/damien/ws_aic/src/aic/install/aic_training_interfaces' for CMake config files
[9.206s] Level 1:colcon.colcon_core.shell:create_environment_hook('aic_training_interfaces', 'cmake_prefix_path')
[9.206s] INFO:colcon.colcon_core.shell:Creating environment hook '/home/damien/ws_aic/src/aic/install/aic_training_interfaces/share/aic_training_interfaces/hook/cmake_prefix_path.ps1'
[9.207s] INFO:colcon.colcon_core.shell:Creating environment descriptor '/home/damien/ws_aic/src/aic/install/aic_training_interfaces/share/aic_training_interfaces/hook/cmake_prefix_path.dsv'
[9.207s] INFO:colcon.colcon_core.shell:Creating environment hook '/home/damien/ws_aic/src/aic/install/aic_training_interfaces/share/aic_training_interfaces/hook/cmake_prefix_path.sh'
[9.208s] Level 1:colcon.colcon_core.environment:checking '/home/damien/ws_aic/src/aic/install/aic_training_interfaces/lib'
[9.208s] Level 1:colcon.colcon_core.shell:create_environment_hook('aic_training_interfaces', 'ld_library_path_lib')
[9.208s] INFO:colcon.colcon_core.shell:Creating environment hook '/home/damien/ws_aic/src/aic/install/aic_training_interfaces/share/aic_training_interfaces/hook/ld_library_path_lib.ps1'
[9.209s] INFO:colcon.colcon_core.shell:Creating environment descriptor '/home/damien/ws_aic/src/aic/install/aic_training_interfaces/share/aic_training_interfaces/hook/ld_library_path_lib.dsv'
[9.209s] INFO:colcon.colcon_core.shell:Creating environment hook '/home/damien/ws_aic/src/aic/install/aic_training_interfaces/share/aic_training_interfaces/hook/ld_library_path_lib.sh'
[9.210s] Level 1:colcon.colcon_core.environment:checking '/home/damien/ws_aic/src/aic/install/aic_training_interfaces/bin'
[9.210s] Level 1:colcon.colcon_core.environment:checking '/home/damien/ws_aic/src/aic/install/aic_training_interfaces/lib/pkgconfig/aic_training_interfaces.pc'
[9.210s] Level 1:colcon.colcon_core.environment:checking '/home/damien/ws_aic/src/aic/install/aic_training_interfaces/lib/python3.12/site-packages'
[9.210s] Level 1:colcon.colcon_core.shell:create_environment_hook('aic_training_interfaces', 'pythonpath')
[9.211s] INFO:colcon.colcon_core.shell:Creating environment hook '/home/damien/ws_aic/src/aic/install/aic_training_interfaces/share/aic_training_interfaces/hook/pythonpath.ps1'
[9.211s] INFO:colcon.colcon_core.shell:Creating environment descriptor '/home/damien/ws_aic/src/aic/install/aic_training_interfaces/share/aic_training_interfaces/hook/pythonpath.dsv'
[9.212s] INFO:colcon.colcon_core.shell:Creating environment hook '/home/damien/ws_aic/src/aic/install/aic_training_interfaces/share/aic_training_interfaces/hook/pythonpath.sh'
[9.213s] Level 1:colcon.colcon_core.environment:checking '/home/damien/ws_aic/src/aic/install/aic_training_interfaces/bin'
[9.213s] INFO:colcon.colcon_core.shell:Creating package script '/home/damien/ws_aic/src/aic/install/aic_training_interfaces/share/aic_training_interfaces/package.ps1'
[9.214s] INFO:colcon.colcon_core.shell:Creating package descriptor '/home/damien/ws_aic/src/aic/install/aic_training_interfaces/share/aic_training_interfaces/package.dsv'
[9.215s] INFO:colcon.colcon_core.shell:Creating package script '/home/damien/ws_aic/src/aic/install/aic_training_interfaces/share/aic_training_interfaces/package.sh'
[9.216s] INFO:colcon.colcon_core.shell:Creating package script '/home/damien/ws_aic/src/aic/install/aic_training_interfaces/share/aic_training_interfaces/package.bash'
[9.216s] INFO:colcon.colcon_core.shell:Creating package script '/home/damien/ws_aic/src/aic/install/aic_training_interfaces/share/aic_training_interfaces/package.zsh'
[9.217s] Level 1:colcon.colcon_core.environment:create_file_with_runtime_dependencies(/home/damien/ws_aic/src/aic/install/aic_training_interfaces/share/colcon-core/packages/aic_training_interfaces)
[9.221s] DEBUG:colcon.colcon_core.event_handler.log_command:Invoking command in '/home/damien/ws_aic/src/aic/build/aic_gazebo': AMENT_PREFIX_PATH=/home/damien/ws_aic/src/aic/install/aic_engine_interfaces:${AMENT_PREFIX_PATH} CMAKE_PREFIX_PATH=/home/damien/ws_aic/src/aic/install/aic_engine_interfaces:/home/damien/ws_aic/src/aic/.pixi/envs/default CONDA_PROMPT_MODIFIER=(base) DEBUGINFOD_URLS=https://debuginfod.ubuntu.com LD_LIBRARY_PATH=/home/damien/ws_aic/src/aic/install/aic_engine_interfaces/lib:${LD_LIBRARY_PATH} PIXI_PROMPT=(aic) PS1=(aic) (base) \[\e]0;\u@\h: \w\a\]${debian_chroot:+($debian_chroot)}\[\033[01;32m\]\u@\h\[\033[00m\]:\[\033[01;34m\]\w\[\033[00m\]\$ PYTHONPATH=/home/damien/ws_aic/src/aic/install/aic_engine_interfaces/lib/python3.12/site-packages:${PYTHONPATH} /home/damien/ws_aic/src/aic/.pixi/envs/default/bin/cmake /home/damien/ws_aic/src/aic/aic_gazebo -DCMAKE_INSTALL_PREFIX=/home/damien/ws_aic/src/aic/install/aic_gazebo
[9.926s] DEBUG:colcon.colcon_core.event_handler.log_command:Invoked command in '/home/damien/ws_aic/src/aic/build/aic_gazebo' returned '1': AMENT_PREFIX_PATH=/home/damien/ws_aic/src/aic/install/aic_engine_interfaces:${AMENT_PREFIX_PATH} CMAKE_PREFIX_PATH=/home/damien/ws_aic/src/aic/install/aic_engine_interfaces:/home/damien/ws_aic/src/aic/.pixi/envs/default CONDA_PROMPT_MODIFIER=(base) DEBUGINFOD_URLS=https://debuginfod.ubuntu.com LD_LIBRARY_PATH=/home/damien/ws_aic/src/aic/install/aic_engine_interfaces/lib:${LD_LIBRARY_PATH} PIXI_PROMPT=(aic) PS1=(aic) (base) \[\e]0;\u@\h: \w\a\]${debian_chroot:+($debian_chroot)}\[\033[01;32m\]\u@\h\[\033[00m\]:\[\033[01;34m\]\w\[\033[00m\]\$ PYTHONPATH=/home/damien/ws_aic/src/aic/install/aic_engine_interfaces/lib/python3.12/site-packages:${PYTHONPATH} /home/damien/ws_aic/src/aic/.pixi/envs/default/bin/cmake /home/damien/ws_aic/src/aic/aic_gazebo -DCMAKE_INSTALL_PREFIX=/home/damien/ws_aic/src/aic/install/aic_gazebo
[10.020s] Level 1:colcon.colcon_core.environment:create_environment_scripts_only(aic_gazebo)
[10.021s] Level 1:colcon.colcon_core.environment:checking '/home/damien/ws_aic/src/aic/install/aic_gazebo' for CMake module files
[10.021s] Level 1:colcon.colcon_core.environment:checking '/home/damien/ws_aic/src/aic/install/aic_gazebo' for CMake config files
[10.021s] Level 1:colcon.colcon_core.environment:checking '/home/damien/ws_aic/src/aic/install/aic_gazebo/bin'
[10.021s] Level 1:colcon.colcon_core.environment:checking '/home/damien/ws_aic/src/aic/install/aic_gazebo/lib/pkgconfig/aic_gazebo.pc'
[10.021s] Level 1:colcon.colcon_core.environment:checking '/home/damien/ws_aic/src/aic/install/aic_gazebo/lib/python3.12/site-packages'
[10.022s] Level 1:colcon.colcon_core.environment:checking '/home/damien/ws_aic/src/aic/install/aic_gazebo/bin'
[10.022s] INFO:colcon.colcon_core.shell:Creating package script '/home/damien/ws_aic/src/aic/install/aic_gazebo/share/aic_gazebo/package.ps1'
[10.022s] INFO:colcon.colcon_core.shell:Creating package descriptor '/home/damien/ws_aic/src/aic/install/aic_gazebo/share/aic_gazebo/package.dsv'
[10.022s] INFO:colcon.colcon_core.shell:Creating package script '/home/damien/ws_aic/src/aic/install/aic_gazebo/share/aic_gazebo/package.sh'
[10.022s] INFO:colcon.colcon_core.shell:Creating package script '/home/damien/ws_aic/src/aic/install/aic_gazebo/share/aic_gazebo/package.bash'
[10.023s] INFO:colcon.colcon_core.shell:Creating package script '/home/damien/ws_aic/src/aic/install/aic_gazebo/share/aic_gazebo/package.zsh'
[10.023s] Level 1:colcon.colcon_core.environment:create_file_with_runtime_dependencies(/home/damien/ws_aic/src/aic/install/aic_gazebo/share/colcon-core/packages/aic_gazebo)
[10.723s] DEBUG:colcon.colcon_parallel_executor.executor.parallel:closing loop
[10.723s] DEBUG:colcon.colcon_parallel_executor.executor.parallel:loop closed
[10.723s] DEBUG:colcon.colcon_parallel_executor.executor.parallel:run_until_complete finished with '1'
[10.723s] DEBUG:colcon.colcon_core.event_reactor:joining thread
[10.729s] INFO:colcon.colcon_core.plugin_system:Skipping extension 'colcon_notification.desktop_notification.terminal_notifier': Not used on non-Darwin systems
[10.729s] INFO:colcon.colcon_core.plugin_system:Skipping extension 'colcon_notification.desktop_notification.win32': Not used on non-Windows systems
[10.729s] INFO:colcon.colcon_notification.desktop_notification:Sending desktop notification using 'notify2'
[10.764s] DEBUG:colcon.colcon_core.event_reactor:joined thread
[10.764s] INFO:colcon.colcon_core.shell:Creating prefix script '/home/damien/ws_aic/src/aic/install/local_setup.ps1'
[10.765s] INFO:colcon.colcon_core.shell:Creating prefix util module '/home/damien/ws_aic/src/aic/install/_local_setup_util_ps1.py'
[10.767s] INFO:colcon.colcon_core.shell:Creating prefix chain script '/home/damien/ws_aic/src/aic/install/setup.ps1'
[10.768s] INFO:colcon.colcon_core.shell:Creating prefix script '/home/damien/ws_aic/src/aic/install/local_setup.sh'
[10.769s] INFO:colcon.colcon_core.shell:Creating prefix util module '/home/damien/ws_aic/src/aic/install/_local_setup_util_sh.py'
[10.769s] INFO:colcon.colcon_core.shell:Creating prefix chain script '/home/damien/ws_aic/src/aic/install/setup.sh'
[10.770s] INFO:colcon.colcon_core.shell:Creating prefix script '/home/damien/ws_aic/src/aic/install/local_setup.bash'
[10.771s] INFO:colcon.colcon_core.shell:Creating prefix chain script '/home/damien/ws_aic/src/aic/install/setup.bash'
[10.772s] INFO:colcon.colcon_core.shell:Creating prefix script '/home/damien/ws_aic/src/aic/install/local_setup.zsh'
[10.773s] INFO:colcon.colcon_core.shell:Creating prefix chain script '/home/damien/ws_aic/src/aic/install/setup.zsh'
